id,created_date,modified_date,is_deleted,mark,name,user_id,car_detail_id,image_id,car_brand_id,car_model_id,pinned,order
3462725,2023-02-15 11:27:33.423432+00,2023-02-15 11:27:33.423559+00,f,Chevrolet,Lacetti,1909054,2881677,14590922,12,119,f,1
3304866,2023-02-06 02:11:03.8699+00,2023-02-06 02:11:03.869957+00,f,Chevrolet,Lacetti,1778813,2881677,13901282,12,119,f,1
3304359,2023-02-05 19:08:05.013886+00,2023-02-05 19:08:05.013923+00,f,Chevrolet,Matiz Best,1285290,2881320,,12,126,f,2
2166417,2022-11-12 05:55:41.67152+00,2022-11-12 05:55:41.671557+00,f,Chevrolet,Spark,1153138,1883844,,12,133,f,2
1915268,2022-10-25 02:15:27.017924+00,2022-11-04 14:00:58.722681+00,t,Chevrolet,Spark,1153138,1883844,,12,133,f,1
3690054,2023-03-06 13:56:26.450878+00,2023-03-06 13:56:26.450937+00,f,Chevrolet,Cobalt,2005671,2881246,,12,111,f,1
3305166,2023-02-06 03:20:06.005598+00,2023-02-06 03:20:06.005638+00,f,Chevrolet,Lacetti,474063,2881873,,12,119,f,1
3304332,2023-02-05 19:03:52.88045+00,2023-02-05 19:03:52.880487+00,f,Chevrolet,Gentra,1859208,2881303,13900361,12,120,f,1
3573874,2023-02-24 14:36:24.671376+00,2023-02-24 14:36:24.671436+00,f,Chevrolet,Nexia 2,1953731,2881301,,12,128,f,1
3304327,2023-02-05 19:03:24.207427+00,2023-02-05 19:03:24.207474+00,f,Chevrolet,Nexia 2,1859120,2881301,13900358,12,128,f,1
3304537,2023-02-05 20:07:07.3967+00,2023-02-05 20:07:07.396729+00,f,Chevrolet,Cobalt,1567574,2881452,,12,111,f,1
3304412,2023-02-05 19:23:55.421252+00,2023-02-05 19:23:55.421282+00,f,Ravon,Gentra,1859253,2881355,,58,377,f,1
3304440,2023-02-05 19:31:23.849723+00,2023-02-05 19:31:23.849757+00,f,Daewoo,Damas,1859263,2881375,,16,154,f,1
461528,2022-01-06 04:23:02.108139+00,2022-02-08 14:46:22.193755+00,t,Chevrolet,Cobalt,197330,730992,,12,111,f,1
3304301,2023-02-05 18:57:33.219649+00,2023-02-05 18:57:33.219702+00,f,Chevrolet,spark,1859200,2881287,13900331,12,,f,1
3304975,2023-02-06 02:44:04.377836+00,2023-02-06 02:44:04.377897+00,f,Chevrolet,Gentra,1859544,2881747,,12,120,f,1
3305032,2023-02-06 02:55:36.321963+00,2023-02-06 02:55:36.322008+00,f,Chevrolet,Malibu 2,1857441,2881779,,12,124,f,1
3304772,2023-02-06 01:02:37.901854+00,2023-02-06 01:02:37.90188+00,f,Chevrolet,Spark,1858878,2881619,13901152,12,133,f,1
3304747,2023-02-06 00:33:23.660948+00,2023-02-06 00:33:23.66098+00,f,Chevrolet,Spark,77477,2881601,,12,133,f,3
3304708,2023-02-05 22:54:36.661732+00,2023-02-05 22:54:36.661753+00,f,Chevrolet,Gentra,356219,2881563,,12,120,f,2
3304736,2023-02-06 00:14:20.45369+00,2023-02-06 00:14:20.45371+00,f,Chevrolet,Cobalt,1859417,2881596,13901131,12,111,f,1
3304310,2023-02-05 18:59:22.073774+00,2023-02-05 18:59:22.073816+00,f,Chevrolet,Cobalt,1457877,2881290,13900478,12,111,f,1
3304749,2023-02-06 00:34:33.34408+00,2023-02-06 00:34:33.34411+00,f,Chevrolet,Cobalt,194891,2881603,,12,111,f,1
3303922,2023-02-05 17:44:19.289195+00,2023-02-05 17:44:19.289237+00,f,Chevrolet,Nexia 2,1859013,2881021,,12,128,f,1
3304132,2023-02-05 18:23:51.38816+00,2023-02-05 18:23:51.388196+00,f,Chevrolet,Damas,1759831,2881162,,12,114,f,1
3399112,2023-02-10 09:36:32.21386+00,2023-02-10 09:36:32.213908+00,f,Chevrolet,Damas,525083,2881162,,12,114,f,1
3305180,2023-02-06 03:22:27.7587+00,2023-02-06 03:22:27.758752+00,f,Chevrolet,Nexia 3,198079,2881885,13901676,12,129,f,1
3936248,2023-03-28 08:40:44.498053+00,2023-03-28 08:40:44.498116+00,f,Chevrolet,Gentra,2113801,2881387,18423469,12,120,f,1
3304461,2023-02-05 19:37:01.708976+00,2023-02-08 03:18:15.152546+00,t,Chevrolet,Gentra,201572,2881387,,12,120,f,1
3308945,2023-02-06 09:26:35.042699+00,2023-03-15 11:07:32.116021+00,t,Chevrolet,Damas,179774,2881864,,12,114,f,1
3305147,2023-02-06 03:18:52.087689+00,2023-02-06 03:18:52.087755+00,f,Chevrolet,Damas,1859619,2881864,,12,114,f,3
3304239,2023-02-05 18:44:08.054887+00,2023-02-05 18:44:08.054947+00,f,Daewoo,Tico,1858710,2881245,,16,173,f,1
3305188,2023-02-06 03:24:04.4291+00,2023-02-06 03:24:04.429143+00,f,Chevrolet,Gentra,971678,2881891,,12,120,f,3
3421475,2023-02-12 07:02:03.384952+00,2023-02-12 07:02:03.38501+00,f,Chevrolet,Lacetti,751685,2881891,16293064,12,119,f,1
3303961,2023-02-05 17:51:11.194733+00,2023-02-05 17:51:11.194786+00,f,ВАЗ (Lada),2107,1859039,2881046,15380857,80,486,f,2
3304201,2023-02-05 18:36:09.562371+00,2023-02-05 18:36:09.562417+00,f,Chevrolet,Captiva,1859157,2881219,,12,108,f,1
3897246,2023-03-25 06:59:52.766447+00,2023-03-25 06:59:52.766477+00,f,Chevrolet,Gentra,1416408,2881185,,12,120,f,2
3489613,2023-02-17 14:50:13.075483+00,2023-02-18 09:49:12.517515+00,t,Chevrolet,Gentra,1416408,2881185,,12,120,f,1
3490921,2023-02-17 16:27:39.339024+00,2023-02-17 16:27:39.339072+00,f,Chevrolet,Gentra,992861,2881185,,12,120,f,1
3304161,2023-02-05 18:29:23.523025+00,2023-02-15 06:01:15.530308+00,t,Chevrolet,Gentra,1416408,2881185,,12,120,f,1
3420152,2023-02-12 05:18:24.864002+00,2023-02-12 05:18:24.864071+00,f,Chevrolet,Nexia 3,1829912,2881185,,12,129,f,1
3305143,2023-02-06 03:18:06.473032+00,2023-02-06 03:18:06.473083+00,f,Daewoo,Nexia,1853664,2881859,,16,167,f,1
3755249,2023-03-12 09:39:58.78957+00,2023-03-12 09:39:58.789614+00,f,Chevrolet,Cobalt,1126022,2881353,,12,111,f,1
3305134,2023-02-06 03:16:03.966861+00,2023-02-06 03:16:03.966918+00,f,Chevrolet,Gentra,99590,2881851,,12,120,f,1
3304514,2023-02-05 19:55:47.934318+00,2023-02-05 19:55:47.934367+00,f,Daewoo,Nexia,1859248,2881429,,16,167,f,6
3304495,2023-02-05 19:48:42.848703+00,2023-02-05 19:48:42.848739+00,f,Chevrolet,Gentra,1859127,2881414,,12,120,f,1
3304533,2023-02-05 20:05:42.486937+00,2023-02-05 20:05:42.48697+00,f,Daewoo,Nexia II,409995,2881448,,16,168,f,2
3304193,2023-02-05 18:34:19.030349+00,2023-02-05 18:34:19.030416+00,f,Chevrolet,Nexia 3,1457877,2881212,,12,129,f,2
3305299,2023-02-06 03:40:09.14626+00,2023-02-12 05:21:51.253327+00,t,Chevrolet,Matiz,296246,2881994,,12,125,f,1
3304692,2023-02-05 22:33:05.094802+00,2023-02-05 22:33:05.094822+00,f,Chevrolet,Lacetti,1859387,2881550,13901049,12,119,f,1
3304519,2023-02-05 19:58:34.002273+00,2023-02-05 19:58:34.002315+00,f,Chevrolet,Cobalt,33805,2881433,,12,111,f,1
3304417,2023-02-05 19:25:25.873934+00,2023-02-05 19:25:25.873962+00,f,ВАЗ (Lada),Самара 2 (седан 2115),1854584,2881357,13900620,80,492,f,1
3303989,2023-02-05 17:56:10.793377+00,2023-02-05 17:56:10.793438+00,f,Chevrolet,Spark,1859045,2881057,,12,133,f,1
3304466,2023-02-05 19:38:45.61476+00,2023-02-05 19:38:45.614787+00,f,Chevrolet,Lacetti,488899,2881391,,12,119,f,1
3304057,2023-02-05 18:08:49.945622+00,2023-02-05 18:08:49.945664+00,f,Chevrolet,Spark,39007,2881105,,12,133,f,1
3950646,2023-03-29 09:17:41.12409+00,2023-04-03 10:07:19.097959+00,t,Chevrolet,Cobalt,1859483,2881670,,12,111,f,1
3880515,2023-03-23 17:45:49.801033+00,2023-03-29 10:48:07.97173+00,t,Chevrolet,Cobalt,830528,2881670,,12,111,f,2
3304861,2023-02-06 02:07:46.04365+00,2023-03-21 01:04:08.965242+00,t,Chevrolet,Cobalt,1859483,2881670,,12,111,f,1
3304696,2023-02-05 22:36:56.065472+00,2023-02-05 22:36:56.065491+00,f,СМЗ,С3Д,744089,2881556,,90,569,f,4
3671097,2023-03-04 23:30:50.619304+00,2023-03-04 23:30:50.619344+00,f,Chevrolet,Spark,1622988,2881132,,12,133,f,1
3304536,2023-02-05 20:07:02.523319+00,2023-02-05 20:07:02.523363+00,f,Chevrolet,Spark,1784125,2881451,13900736,12,133,f,5
3304002,2023-02-05 17:59:07.721381+00,2023-02-08 07:26:17.677185+00,t,Chevrolet,Nexia 3,1064084,2881065,,12,129,f,1
3480552,2023-02-17 03:44:23.016827+00,2023-02-17 03:44:23.016873+00,f,Chevrolet,Spark,1412747,2881739,,12,133,f,1
3304960,2023-02-06 02:41:26.781085+00,2023-02-17 03:42:10.502778+00,t,Chevrolet,Spark,1412747,2881739,13901401,12,133,f,1
3304456,2023-02-05 19:36:09.376462+00,2023-02-05 19:36:09.376489+00,f,Hyundai,hunday porter,1538467,2881383,13900643,33,,f,2
3304152,2023-02-05 18:27:17.358468+00,2023-02-07 04:15:48.55225+00,f,Chevrolet,koblt,561676,2881178,13900114,12,,f,4
3304459,2023-02-05 19:36:48.415682+00,2023-02-05 19:36:48.415715+00,f,ВАЗ (Lada),2102,1859252,2881385,15001080,80,481,f,6
3366873,2023-02-08 08:00:18.436991+00,2023-02-08 08:00:18.437058+00,f,Chevrolet,Cobalt,1872278,2881140,14088081,12,111,f,3
3304099,2023-02-05 18:17:01.226637+00,2023-02-05 18:17:01.226674+00,f,Chevrolet,Cobalt,1569799,2881140,,12,111,f,1
3304977,2023-02-06 02:44:57.753525+00,2023-02-06 02:44:57.753558+00,f,Chevrolet,Gentra,1859540,2881750,,12,120,f,1
3329041,2023-02-07 06:29:57.703847+00,2023-02-11 09:09:53.52015+00,t,Chevrolet,Nexia 3,351857,2881572,,12,129,f,1
3304714,2023-02-05 23:10:58.334262+00,2023-02-05 23:10:58.334296+00,f,Chevrolet,Cobalt,1228143,2881572,,12,111,f,1
3304362,2023-02-05 19:08:28.703571+00,2023-02-05 19:08:28.703602+00,f,Daewoo,Matiz (Standart),1859230,2881321,,16,163,f,2
3304499,2023-02-05 19:49:52.141246+00,2023-02-05 19:49:52.141274+00,f,Chevrolet,Spark,1004376,2881418,,12,133,f,1
1079963,2022-06-13 19:57:10.684626+00,2022-06-13 19:57:10.684651+00,t,ВАЗ (Lada),Vesta,701105,1233089,2619903,80,510,f,1
3304449,2023-02-05 19:33:43.6637+00,2023-02-05 19:33:43.663763+00,f,Chevrolet,Tracker,1859266,2881379,,12,137,f,1
3304825,2023-02-06 01:52:01.732257+00,2023-02-06 01:52:01.732284+00,f,Chevrolet,Cobalt,1859465,2881651,,12,111,f,1
3304632,2023-02-05 21:03:40.478917+00,2023-03-09 08:17:59.59571+00,t,Chevrolet,Spark,1501606,2881506,13900906,12,133,f,1
3303997,2023-02-05 17:57:30.549723+00,2023-02-05 17:57:30.549769+00,f,Daewoo,Tico,1859054,2881059,,16,173,f,1
3736974,2023-03-10 15:21:33.240748+00,2023-03-10 15:21:33.240791+00,f,Chevrolet,Nexia 2,1920257,2881847,,12,128,f,1
3305130,2023-02-06 03:15:30.75778+00,2023-02-10 15:59:52.932508+00,t,Chevrolet,Nexia 2,28284,2881847,,12,128,f,1
3345049,2023-02-07 11:03:07.312037+00,2023-02-07 11:03:07.312081+00,f,Chevrolet,Nexia 3,1296293,2881265,,12,129,f,3
3304344,2023-02-05 19:06:07.891315+00,2023-02-06 05:07:55.676873+00,t,Chevrolet,Gentra,1581809,2881265,,12,120,f,1
3304276,2023-02-05 18:50:43.659828+00,2023-02-05 18:50:43.659871+00,f,Daewoo,Nexia,1133020,2881265,,16,167,f,3
3304445,2023-02-05 19:32:14.712868+00,2023-02-05 19:32:14.71291+00,f,Chevrolet,Gentra,1538467,2881376,18686484,12,120,f,3
3305070,2023-02-06 03:05:59.766353+00,2023-02-06 03:05:59.766432+00,f,ВАЗ (Lada),2107,1858528,2881808,,80,486,f,1
3304653,2023-02-05 21:25:21.625733+00,2023-02-05 21:25:21.625757+00,f,Chevrolet,Cobalt,1859355,2881521,13900977,12,111,f,1
3391431,2023-02-09 14:48:51.064884+00,2023-02-09 14:48:51.064937+00,f,Chevrolet,Damas,1863943,2881032,,12,114,f,1
3303945,2023-02-05 17:48:34.048411+00,2023-02-05 17:48:34.04847+00,f,Chevrolet,Damas,1116704,2881032,,12,114,f,1
3304213,2023-02-05 18:38:53.534502+00,2023-02-05 18:38:53.53455+00,f,Chevrolet,Damas,360780,2881229,,12,114,f,1
3305026,2023-02-06 02:54:39.473345+00,2023-02-06 02:54:39.473417+00,f,Isuzu,isuzu,1828677,2881776,,35,,f,1
3305276,2023-02-06 03:37:07.540429+00,2023-02-06 03:37:07.540475+00,f,Chevrolet,Damas,1381953,2881969,,12,114,f,1
3304489,2023-02-05 19:46:24.135947+00,2023-02-05 19:46:24.135987+00,f,Chevrolet,Nexia 3,1859267,2881408,,12,129,f,1
3305219,2023-02-06 03:29:24.709997+00,2023-02-06 03:29:24.710041+00,f,Chevrolet,Nexia 3,1859636,2881918,13901723,12,129,f,1
3303958,2023-02-05 17:50:55.1824+00,2023-02-05 17:50:55.182463+00,f,ВАЗ (Lada),2105,1859031,2881043,13899942,80,484,f,1
3304799,2023-02-06 01:36:42.295167+00,2023-02-06 01:36:42.295244+00,f,Chevrolet,Cobalt,1859439,2881631,,12,111,f,1
3519470,2023-02-20 07:08:41.009416+00,2023-02-20 07:08:41.009493+00,f,Chevrolet,Gentra,1880647,2881167,,12,120,f,1
3304136,2023-02-05 18:24:49.359821+00,2023-02-05 18:24:49.359867+00,f,Chevrolet,Gentra,1768597,2881167,,12,120,f,2
3528691,2023-02-20 19:03:11.028371+00,2023-02-20 19:03:11.028406+00,f,Chevrolet,Gentra,1935794,2881263,,12,120,f,1
3304273,2023-02-05 18:50:13.34398+00,2023-02-05 18:50:13.344035+00,f,Chevrolet,Gentra,573261,2881263,,12,120,f,1
3304609,2023-02-05 20:48:10.987409+00,2023-04-02 21:23:44.923137+00,t,Chevrolet,Matiz Best,1859337,2881492,13900889,12,126,f,1
3304479,2023-02-05 19:43:58.831295+00,2023-03-16 03:05:05.015852+00,t,Chevrolet,Captiva,1859280,2881405,13900689,12,108,f,3
3342901,2023-02-07 10:12:50.001475+00,2023-03-11 13:09:57.800839+00,t,Chevrolet,Nexia 3,1823334,2881230,,12,129,f,4
3304217,2023-02-05 18:39:17.307221+00,2023-02-05 18:39:17.307269+00,f,Chevrolet,Lacetti,881873,2881230,16377564,12,119,f,2
3342423,2023-02-07 10:04:40.14322+00,2023-02-07 10:04:40.143259+00,f,Chevrolet,Nexia 3,1843871,2881573,,12,129,f,3
3304715,2023-02-05 23:12:17.650998+00,2023-02-05 23:12:17.651032+00,f,Chevrolet,Nexia 2,1386047,2881573,,12,128,f,1
3304186,2023-02-05 18:33:17.943579+00,2023-02-05 18:33:17.943622+00,f,Chevrolet,Spark,759518,2881204,,12,133,f,1
278957,2021-11-07 01:55:18.107352+00,2021-12-06 09:08:24.955725+00,t,Chevrolet,Spark,197330,561993,437089,12,133,f,1
3304581,2023-02-05 20:29:35.047483+00,2023-02-05 20:29:35.047512+00,f,Mercedes-Benz,vito,1500478,2881478,,49,,f,6
3305317,2023-02-06 03:42:26.620076+00,2023-02-06 03:42:26.620142+00,f,Chevrolet,Damas,1859685,2881946,13901798,12,114,f,1
3305258,2023-02-06 03:33:41.81463+00,2023-02-06 03:33:41.814679+00,f,Chevrolet,Damas,978178,2881946,,12,114,f,2
3304224,2023-02-05 18:40:02.706295+00,2023-02-08 18:51:55.508031+00,f,ВАЗ (Lada),2107,1628479,2881234,,80,486,f,2
3304728,2023-02-05 23:46:18.478825+00,2023-02-05 23:46:18.478856+00,f,Chevrolet,Nexia,880900,2881587,,12,127,f,2
3305273,2023-02-06 03:36:57.509562+00,2023-02-06 03:36:57.509606+00,f,Chevrolet,Nexia 2,1859661,2881967,,12,128,f,1
3708586,2023-03-08 08:15:57.331038+00,2023-03-08 08:15:57.331112+00,f,ВАЗ (Lada),2101,2013691,2881482,,80,480,f,1
3304585,2023-02-05 20:31:49.242651+00,2023-02-05 20:31:49.242679+00,f,ВАЗ (Lada),2101,1859321,2881482,,80,480,f,1
4021767,2023-04-03 20:42:03.250037+00,2023-04-03 20:42:03.250072+00,f,Chevrolet,Damas,844063,2881449,,12,114,f,2
3304534,2023-02-05 20:06:06.458237+00,2023-02-05 20:06:06.458265+00,f,Chevrolet,Damas,1859297,2881449,,12,114,f,2
3304279,2023-02-05 18:52:19.320353+00,2023-02-05 18:52:19.320411+00,f,Chevrolet,Cobalt,1329691,2881269,13900313,12,111,f,1
3895705,2023-03-25 05:37:18.919363+00,2023-03-25 05:37:18.919414+00,f,Chevrolet,Damas,2028719,2881841,,12,114,f,1
3397847,2023-02-10 07:44:40.25707+00,2023-02-10 07:44:40.25712+00,f,Daewoo,Damas,838166,2881841,,16,154,f,1
3305123,2023-02-06 03:14:21.368323+00,2023-02-06 03:14:21.368372+00,f,Daewoo,Damas,1790437,2881841,,16,154,f,1
3304015,2023-02-05 18:01:48.021696+00,2023-02-05 18:01:48.021751+00,f,ВАЗ (Lada),2106,1858550,2881073,,80,485,f,1
3944780,2023-03-29 02:41:02.948439+00,2023-03-29 02:41:02.948507+00,f,Chevrolet,Nexia 2,52795,2881761,,12,128,f,1
3304993,2023-02-06 02:48:09.085063+00,2023-02-06 02:48:09.085121+00,f,Chevrolet,Nexia 2,1859549,2881761,15793903,12,128,f,1
3511447,2023-02-19 12:18:13.910662+00,2023-02-19 12:18:13.910708+00,f,Chevrolet,Nexia 2,589144,2881761,,12,128,f,2
3304275,2023-02-05 18:50:29.133156+00,2023-02-05 18:50:29.133202+00,f,Chevrolet,Matiz,1859190,2881264,13931247,12,125,f,3
3304105,2023-02-05 18:19:51.758703+00,2023-02-05 18:19:51.758759+00,f,Chevrolet,Nexia 2,1859126,2881146,,12,128,f,1
3304291,2023-02-05 18:54:36.377514+00,2023-02-05 18:54:36.377545+00,f,Chevrolet,Lacetti,283683,2881278,,12,119,f,1
3304104,2023-02-05 18:19:30.449512+00,2023-02-05 18:19:30.449681+00,f,Chevrolet,Spark,1858805,2881143,,12,133,f,1
3305128,2023-02-06 03:15:18.2109+00,2023-02-06 03:15:18.210938+00,f,Chevrolet,Damas,1859608,2881846,,12,114,f,1
3304971,2023-02-06 02:43:38.441661+00,2023-02-21 15:25:34.268977+00,t,Chevrolet,Damas,1295895,2881743,13901468,12,114,f,4
3303999,2023-02-05 17:57:41.330155+00,2023-02-05 17:57:41.330198+00,f,Chevrolet,Lacetti,1859058,2881060,,12,119,f,1
3304798,2023-02-06 01:35:59.55569+00,2023-02-06 01:35:59.555719+00,f,Chevrolet,Damas,1856589,2881630,,12,114,f,1
4021288,2023-04-03 18:21:04.966292+00,2023-04-03 18:29:51.855645+00,t,ВАЗ (Lada),2101,522573,2881022,,80,480,f,1
3303924,2023-02-05 17:44:39.241254+00,2023-02-05 17:44:39.241298+00,f,ВАЗ (Lada),2101,1859028,2881022,13899924,80,480,f,1
3304925,2023-02-06 02:34:22.508393+00,2023-02-06 02:34:22.508437+00,f,Isuzu,ISUZU NQR71PL,1745258,2881713,,35,,f,2
3728959,2023-03-10 04:51:35.445178+00,2023-03-10 04:51:35.445231+00,f,Chevrolet,Lacetti,2022039,2881139,16385773,12,119,f,1
3304098,2023-02-05 18:16:58.467372+00,2023-02-05 18:16:58.467411+00,f,Chevrolet,Gentra,1113433,2881139,,12,120,f,1
3304396,2023-02-05 19:19:32.187936+00,2023-02-28 13:42:15.039233+00,t,Chevrolet,Gentra,62621,2881342,,12,120,f,1
3305139,2023-02-06 03:16:45.830543+00,2023-02-06 03:16:45.830631+00,f,Chevrolet,Lacetti,1859580,2881855,13901652,12,119,f,1
3305287,2023-02-06 03:38:31.595055+00,2023-02-10 05:03:09.573672+00,t,Москвич,412,649408,2881980,,87,553,f,4
3349707,2023-02-07 13:29:17.256828+00,2023-02-09 19:42:16.806877+00,t,Chevrolet,Nexia 3,980995,2881179,,12,129,f,2
3304156,2023-02-05 18:27:43.414379+00,2023-02-05 18:27:43.414455+00,f,Daewoo,Damas,835663,2881179,,16,154,f,1
3577237,2023-02-25 03:20:26.311748+00,2023-02-25 03:20:26.311828+00,f,Chevrolet,Spark,1619899,2881129,,12,133,f,1
3304092,2023-02-05 18:15:17.476071+00,2023-02-05 18:15:17.476102+00,f,Chevrolet,Spark,1117091,2881129,,12,133,f,1
3304509,2023-02-05 19:54:57.336753+00,2023-02-05 19:54:57.336811+00,f,Chevrolet,Matiz,1745354,2881428,,12,125,f,1
3303905,2023-02-05 17:42:02.940927+00,2023-02-05 17:42:02.940997+00,f,Kia,Kia,1772924,2881009,,40,,f,2
3399826,2023-02-10 10:32:39.363072+00,2023-02-10 10:32:39.363124+00,f,Kia,KIA K5 DO2G,1884320,2881009,,40,,f,1
3383256,2023-02-09 06:50:35.36458+00,2023-02-09 06:50:35.364618+00,f,Chevrolet,Nexia 3,1835939,2881009,,12,129,f,4
3383178,2023-02-09 06:46:20.477021+00,2023-02-09 06:46:20.47706+00,f,Kia,K5,65507,2881009,,40,,f,23
3304751,2023-02-06 00:40:55.509451+00,2023-02-06 00:40:55.509486+00,f,Chevrolet,Cobalt,525134,2881606,,12,111,f,12
3304271,2023-02-05 18:49:44.098307+00,2023-02-05 18:49:44.09836+00,f,Chevrolet,Spark,1483846,2881260,,12,133,f,8
3304411,2023-02-05 19:23:54.009236+00,2023-02-05 19:23:54.009285+00,f,Chevrolet,Damas,1653358,2881354,13900605,12,114,f,1
3304003,2023-02-05 17:59:33.039721+00,2023-02-20 18:12:59.538321+00,t,Chevrolet,Nexia,464668,2881066,,12,127,f,1
3304016,2023-02-05 18:01:50.563331+00,2023-03-09 12:00:29.804526+00,t,Daewoo,Nexia,1766111,2881074,13899979,16,167,f,1
3994998,2023-04-01 15:10:31.356862+00,2023-04-01 15:10:31.35697+00,f,Daewoo,Damas,1575186,2881378,,16,154,f,1
3304448,2023-02-05 19:33:21.991606+00,2023-02-05 19:33:21.991636+00,f,Daewoo,Damas,1085410,2881378,,16,154,f,1
3305144,2023-02-06 03:18:22.173201+00,2023-02-06 03:18:22.173247+00,f,Chevrolet,Captiva,1406953,2881860,13901658,12,108,f,1
3448182,2023-02-14 09:19:57.577304+00,2023-02-16 05:07:27.36175+00,t,ВАЗ (Lada),2107,818846,2881956,,80,486,f,1
3331247,2023-02-07 07:17:07.198641+00,2023-02-08 17:47:43.419023+00,t,Chevrolet,Nexia 3,158655,2881956,,12,129,f,1
3305267,2023-02-06 03:35:12.256758+00,2023-02-06 03:35:12.256785+00,f,ВАЗ (Lada),2107,1584754,2881956,,80,486,f,4
3304627,2023-02-05 21:00:19.206368+00,2023-02-05 21:00:19.206476+00,f,Chevrolet,Damas,421940,2881505,,12,114,f,1
3304482,2023-02-05 19:44:02.526734+00,2023-02-05 19:44:02.526765+00,f,Chevrolet,Nexia 2,1859241,2881404,18559744,12,128,f,1
3304735,2023-02-06 00:10:49.098299+00,2023-02-06 00:10:49.09832+00,f,Chevrolet,Cobalt,1829716,2881593,,12,111,f,2
3304835,2023-02-06 01:57:27.721201+00,2023-02-06 01:57:27.72124+00,f,ВАЗ (Lada),2106,1734495,2881656,15333102,80,485,f,2
3304702,2023-02-05 22:38:40.939404+00,2023-02-05 22:38:40.939429+00,f,СМЗ,С3Д,744089,2881557,,90,569,f,3
3596549,2023-02-26 15:32:22.090597+00,2023-03-18 08:29:07.352951+00,t,Chevrolet,Gentra,1800920,2881282,15446359,12,120,f,1
3812970,2023-03-17 09:23:01.981047+00,2023-03-17 09:23:01.981104+00,f,ВАЗ (Lada),Largus,2059422,3243266,,80,500,f,1
3305033,2023-02-06 02:55:59.135542+00,2023-02-06 02:55:59.1356+00,f,Chevrolet,Damas,1732603,2881237,,12,114,f,2
3304230,2023-02-05 18:40:43.535887+00,2023-02-05 18:40:43.535936+00,f,Chevrolet,Damas,1859166,2881237,,12,114,f,1
3304498,2023-02-05 19:49:36.106891+00,2023-02-05 19:49:36.106918+00,f,Chevrolet,Cobalt,1639430,2881417,13900698,12,111,f,1
3304500,2023-02-05 19:50:00.124626+00,2023-02-05 19:50:00.124688+00,f,Chevrolet,Cobalt,1859288,2881308,,12,111,f,1
3304339,2023-02-05 19:04:41.222543+00,2023-02-05 19:04:41.222633+00,f,Chevrolet,Cobalt,1859216,2881308,,12,111,f,1
3304207,2023-02-05 18:37:08.40643+00,2023-02-05 18:37:08.406474+00,f,Toyota,Land Cruiser,328194,2881224,13900163,74,438,f,1
3305003,2023-02-06 02:50:35.710751+00,2023-02-09 03:39:24.227086+00,t,Chevrolet,Nexia 2,1058117,2881763,,12,128,f,1
3305311,2023-02-06 03:41:36.77279+00,2023-02-06 03:41:36.77283+00,f,Chevrolet,Nexia 2,43281,2882007,,12,128,f,3
3305097,2023-02-06 03:09:45.169154+00,2023-02-06 03:09:45.169245+00,f,Chevrolet,Cobalt,171720,2881824,13901631,12,111,f,1
3305078,2023-02-06 03:06:44.248592+00,2023-03-28 10:35:05.465313+00,t,Chevrolet,Nexia 3,551166,2881812,,12,129,f,1
3701831,2023-03-07 14:04:03.25048+00,2023-03-07 14:04:03.250527+00,f,Chevrolet,Nexia 3,2010697,2881812,,12,129,f,1
3396593,2023-02-10 06:11:10.588437+00,2023-02-10 06:11:10.588491+00,f,Chevrolet,Nexia 3,174331,2881812,,12,129,f,1
3304374,2023-02-05 19:11:45.372119+00,2023-02-05 19:11:45.372155+00,f,Chevrolet,Cobalt,1859233,2881333,,12,111,f,1
3303964,2023-02-05 17:51:29.728213+00,2023-02-05 17:51:29.728258+00,f,Daewoo,Nexia,1859030,2881048,13899947,16,167,f,1
3304265,2023-02-05 18:48:26.247875+00,2023-02-05 18:48:26.247923+00,f,Chevrolet,Nexia 3,1859173,2881256,,12,129,f,2
3305221,2023-02-06 03:29:32.417214+00,2023-02-06 03:29:32.417282+00,f,Chevrolet,Spark,322862,2881910,,12,133,f,1
3305212,2023-02-06 03:28:07.624664+00,2023-02-06 03:29:06.006369+00,t,Chevrolet,Spark,68599,2881910,13901715,12,133,f,1
3304826,2023-02-06 01:52:11.366216+00,2023-02-06 01:52:11.366261+00,f,Chevrolet,Matiz,1565333,2881652,,12,125,f,1
3304869,2023-02-06 02:13:19.013293+00,2023-02-06 02:13:19.013325+00,f,Chevrolet,Spark,1859432,2881680,13901285,12,133,f,1
3305289,2023-02-06 03:38:51.20685+00,2023-02-06 03:38:51.206895+00,f,Daewoo,Damas,1859662,2881982,,16,154,f,1
3304889,2023-02-06 02:24:11.497513+00,2023-02-06 02:24:11.497554+00,f,Chevrolet,Nexia 3,1857781,2881691,,12,129,f,1
3751009,2023-03-11 23:35:32.814706+00,2023-03-11 23:35:32.814745+00,f,Chevrolet,Lacetti,1390992,2881394,,12,119,f,1
3305039,2023-02-06 02:58:40.795781+00,2023-02-06 02:58:40.795842+00,f,Chevrolet,Damas,1859568,2881745,,12,114,f,1
3304973,2023-02-06 02:43:48.202467+00,2023-02-06 02:43:48.202496+00,f,Chevrolet,Damas,1859524,2881745,,12,114,f,1
4011847,2023-04-03 06:09:19.617915+00,2023-04-03 06:09:19.618008+00,f,Chevrolet,Cobalt,1413297,2881419,,12,111,f,1
3938159,2023-03-28 11:08:33.027968+00,2023-03-28 11:08:33.027999+00,f,Chevrolet,Nexia 3,1257616,2881419,,12,129,f,2
3625090,2023-03-01 05:08:27.041184+00,2023-03-01 05:08:27.04124+00,f,Chevrolet,Gentra,803599,2881124,,12,120,f,2
3374336,2023-02-08 15:13:23.688997+00,2023-02-08 15:13:23.689068+00,f,Chevrolet,Gentra,1587879,2881124,14136485,12,120,f,2
3304083,2023-02-05 18:14:02.899823+00,2023-02-05 18:14:02.899883+00,f,Chevrolet,Gentra,1719555,2881124,,12,120,f,1
3891687,2023-03-24 17:27:26.29299+00,2023-03-24 17:27:26.293024+00,f,Chevrolet,Nexia 3,1850808,2881195,,12,129,f,1
3304176,2023-02-05 18:31:50.653477+00,2023-02-05 18:31:50.653549+00,f,Chevrolet,Nexia 3,1859153,2881195,,12,129,f,1
3812963,2023-03-17 09:22:34.908913+00,2023-03-17 09:22:34.908957+00,f,ГАЗ,32212-264,638993,3243259,,82,,f,5
3433050,2023-02-13 07:04:00.816165+00,2023-02-13 07:04:00.816212+00,f,Chevrolet,Nexia 2,1897051,2881633,,12,128,f,1
3304801,2023-02-06 01:37:44.175523+00,2023-02-06 01:37:44.175569+00,f,Daewoo,Nexia II,1700275,2881633,,16,168,f,1
3304834,2023-02-06 01:57:25.076749+00,2023-02-06 01:57:25.076779+00,f,Chevrolet,Damas,1153853,2881655,,12,114,f,1
3326315,2023-02-07 05:41:24.650051+00,2023-02-07 05:41:24.650104+00,f,Chevrolet,Cobalt,1064148,2881291,,12,111,f,4
3304309,2023-02-05 18:59:18.557296+00,2023-02-05 18:59:18.557355+00,f,Chevrolet,Cobalt,1005734,2881291,13900339,12,111,f,2
3304402,2023-02-05 19:20:27.800786+00,2023-02-05 19:20:27.800816+00,f,Chevrolet,Nexia 2,1859137,2881346,13900510,12,128,f,1
3757904,2023-03-12 14:06:51.765014+00,2023-03-26 15:53:44.266997+00,t,ВАЗ (Lada),Vesta,869657,2881199,16632702,80,510,f,1
3437562,2023-02-13 12:07:46.067459+00,2023-02-23 14:08:20.360036+00,t,ВАЗ (Lada),Vesta,869657,2881199,14449497,80,510,f,1
3304181,2023-02-05 18:32:40.085573+00,2023-02-10 02:06:53.248416+00,t,ВАЗ (Lada),Vesta,641183,2881199,,80,510,f,1
3304644,2023-02-05 21:17:48.305116+00,2023-02-05 21:17:48.30515+00,f,Chevrolet,Lacetti,1211665,2881514,,12,119,f,2
3305230,2023-02-06 03:30:31.439903+00,2023-02-13 16:57:25.384563+00,t,Chevrolet,Cobalt,402961,2881926,,12,111,f,1
3304377,2023-02-05 19:13:02.866931+00,2023-02-05 19:13:02.866971+00,f,ВАЗ (Lada),2102,1858730,2881337,,80,481,f,1
3304853,2023-02-06 02:04:51.708422+00,2023-02-06 02:04:51.708466+00,f,Isuzu,NP37,1859468,2881664,,35,,f,1
3304666,2023-02-05 21:45:52.166625+00,2023-02-09 06:58:21.238598+00,t,Chevrolet,Lacetti,275944,2881530,13900996,12,119,f,1
3304532,2023-02-05 20:05:30.129427+00,2023-03-20 02:02:24.329954+00,t,Chevrolet,Matiz,1288778,2881447,,12,125,f,1
3472768,2023-02-16 08:37:00.608679+00,2023-02-16 08:37:00.608741+00,f,Chevrolet,Matiz,756591,2881447,,12,125,f,1
3304619,2023-02-05 20:56:19.035322+00,2023-02-05 20:56:19.03536+00,f,Chevrolet,Damas,201329,2881502,,12,114,f,1
3304363,2023-02-05 19:08:38.028502+00,2023-02-05 19:08:38.028551+00,f,Chevrolet,Cobalt,1859218,2881322,,12,111,f,1
3305202,2023-02-06 03:25:36.530438+00,2023-02-06 03:25:36.530482+00,f,Chevrolet,Gentra,1859629,2881902,,12,120,f,1
3305046,2023-02-06 03:00:01.595832+00,2023-02-06 03:00:01.59588+00,f,Chevrolet,Labo,1859573,2881791,13901518,12,118,f,1
3305222,2023-02-06 03:29:37.31078+00,2023-03-05 14:20:22.236578+00,t,Chevrolet,Damas,336066,2881919,,12,114,f,2
3304494,2023-02-05 19:48:27.964043+00,2023-02-05 19:48:27.964075+00,f,Chevrolet,Nexia 3,1859280,2881413,13900696,12,129,f,2
3305027,2023-02-06 02:55:05.693836+00,2023-02-06 02:55:05.693886+00,f,Chevrolet,Labo,630619,2881777,,12,158,f,3
3304682,2023-02-05 22:07:00.133236+00,2023-02-05 22:07:00.133267+00,f,Daewoo,Matiz (Standart),319264,2881542,,16,163,f,2
3304357,2023-02-05 19:07:56.943708+00,2023-02-05 19:07:56.943738+00,f,ВАЗ (Lada),2101,1854584,2881318,13900460,80,480,f,2
3902031,2023-03-25 13:02:46.952238+00,2023-03-25 13:02:46.952294+00,f,Chevrolet,Lacetti,1959802,2873758,,12,119,f,1
3584525,2023-02-25 13:26:21.292823+00,2023-03-25 12:52:11.528399+00,t,Chevrolet,Lacetti,1959802,2873758,,12,119,f,1
3463533,2023-02-15 12:33:59.082192+00,2023-02-15 12:33:59.082262+00,f,Chevrolet,Gentra,1784713,2873758,,12,120,f,6
3515469,2023-02-19 20:52:32.926464+00,2023-02-19 20:52:32.9265+00,f,Chevrolet,Gentra,1930635,2873758,,12,120,f,1
3493512,2023-02-18 03:18:59.184772+00,2023-02-18 03:18:59.184828+00,f,Chevrolet,Nexia 3,1268812,2881854,,12,129,f,1
3305136,2023-02-06 03:16:11.654267+00,2023-02-06 03:16:11.654323+00,f,Chevrolet,Nexia 3,1859607,2881854,,12,129,f,1
3305255,2023-02-06 03:33:16.105613+00,2023-02-06 03:33:16.105668+00,f,Daewoo,Nexia,74869,2881944,,16,127,f,1
3304649,2023-02-05 21:20:55.753731+00,2023-02-08 10:35:41.223027+00,t,Daewoo,Matiz (Standart),1529592,2881517,13900966,16,163,f,1
3492647,2023-02-17 19:47:33.761688+00,2023-02-17 19:47:33.761734+00,f,Chevrolet,Nexia 3,1921020,2881015,14749696,12,129,f,1
3303917,2023-02-05 17:43:40.197562+00,2023-02-05 17:43:40.197606+00,f,Chevrolet,Nexia 3,1859020,2881015,13899903,12,129,f,1
3994496,2023-04-01 14:30:00.351501+00,2023-04-01 14:30:00.351561+00,f,Chevrolet,Tracker,1859213,2881304,18874034,12,137,f,1
3304119,2023-02-05 18:20:57.180211+00,2023-02-05 18:20:57.180278+00,f,Chevrolet,Cobalt,1859121,2881153,,12,111,f,1
3680315,2023-03-05 18:02:23.435259+00,2023-03-05 18:02:23.435303+00,f,Chevrolet,Lacetti,1185097,2881398,,12,119,f,1
3304474,2023-02-05 19:42:06.238477+00,2023-02-05 19:42:06.238513+00,f,Chevrolet,Lacetti,1859279,2881398,,12,119,f,1
3304365,2023-02-05 19:08:55.245891+00,2023-02-05 19:08:55.245922+00,f,Daewoo,Damas,1859225,2881324,,16,154,f,1
3305146,2023-02-06 03:18:49.441295+00,2023-02-06 03:18:49.441346+00,f,Chevrolet,Epica,1375642,2881863,13901659,12,115,f,1
3304364,2023-02-05 19:08:45.391304+00,2023-03-07 14:18:11.082233+00,t,Chevrolet,Cobalt,907064,2881323,,12,111,f,6
3381189,2023-02-09 05:19:56.05386+00,2023-02-09 05:20:40.905036+00,t,Chevrolet,Cobalt,405495,2881323,,12,111,f,1
3304034,2023-02-05 18:04:09.760405+00,2023-02-05 18:04:09.760455+00,f,Chevrolet,Gentra,1858888,2881090,,12,120,f,1
3828462,2023-03-18 17:19:58.346811+00,2023-03-18 17:19:58.346851+00,f,Chevrolet,Gentra,2066294,3255626,17342225,12,120,f,1
3614963,2023-02-28 06:28:55.567425+00,2023-02-28 06:28:55.567461+00,f,Chevrolet,Gentra,1238733,2881177,,12,120,f,1
3304316,2023-02-05 19:01:20.231952+00,2023-02-05 19:01:20.23198+00,f,Chevrolet,Cobalt,1796832,2881296,,12,111,f,1
3305082,2023-02-06 03:07:10.675438+00,2023-02-06 03:07:10.675483+00,f,Chevrolet,Damas,1859572,2881814,,12,114,f,2
3305093,2023-02-06 03:09:01.321124+00,2023-02-06 03:09:01.321164+00,f,ВАЗ (Lada),2106,1859572,2881821,,80,485,f,1
3304785,2023-02-06 01:23:00.317816+00,2023-02-06 01:23:00.317843+00,f,Chevrolet,Lacetti,1859443,2881626,13901179,12,119,f,1
3304462,2023-02-05 19:37:17.810816+00,2023-02-05 19:37:17.810853+00,f,Chevrolet,Cobalt,1859270,2881388,13900645,12,111,f,1
3303940,2023-02-05 17:47:22.286871+00,2023-02-05 17:47:22.286906+00,f,Chevrolet,Cobalt,1786360,2881030,,12,111,f,1
3304722,2023-02-05 23:32:47.549495+00,2023-02-05 23:32:47.549522+00,f,Chevrolet,Nexia 2,1849877,2881580,13901107,12,128,f,1
3303953,2023-02-05 17:49:56.776033+00,2023-02-05 17:49:56.776063+00,f,Daewoo,Tico,1422579,2881037,,16,173,f,2
3303919,2023-02-05 17:43:46.980497+00,2023-02-05 17:43:46.980607+00,f,Isuzu,ISUZU,1858999,2881017,13899923,35,,f,1
3304272,2023-02-05 18:50:04.184939+00,2023-02-05 18:50:04.184979+00,f,Chevrolet,Equinox,1849695,2881262,13900306,12,116,f,1
3303995,2023-02-05 17:57:22.201044+00,2023-02-05 17:57:22.201084+00,f,Chevrolet,Nexia 2,1859044,2881058,13899969,12,128,f,1
3304678,2023-02-05 22:03:50.084364+00,2023-02-05 22:03:50.084391+00,f,Chevrolet,Nexia 2,1859379,2881539,,12,128,f,1
3305099,2023-02-06 03:10:31.444944+00,2023-02-06 03:10:31.445017+00,f,Chevrolet,Spark,1859587,2881826,13901634,12,133,f,1
3304116,2023-02-05 18:20:34.022309+00,2023-02-05 18:20:34.022351+00,f,Chevrolet,Matiz,1859117,2881152,,12,125,f,1
3305198,2023-02-06 03:25:10.407033+00,2023-02-06 03:25:10.407092+00,f,Chevrolet,Spark,1083926,2881897,,12,133,f,4
3304529,2023-02-05 20:04:43.32952+00,2023-02-05 20:04:43.329557+00,f,Chevrolet,Spark,1859301,2881445,13900733,12,133,f,1
3304311,2023-02-05 18:59:37.032187+00,2023-02-05 18:59:37.032233+00,f,Chevrolet,Matiz,634700,2881292,,12,125,f,1
3406470,2023-02-11 04:14:15.776922+00,2023-02-11 04:14:36.637069+00,t,Chevrolet,Cobalt,782427,2881797,,12,111,f,1
3305058,2023-02-06 03:02:53.062605+00,2023-02-07 06:08:51.30022+00,t,ВАЗ (Lada),2111,418426,2881797,,80,494,f,1
3304959,2023-02-06 02:41:18.728605+00,2023-02-06 02:41:18.728644+00,f,M412,M412,1849889,2881738,,,,f,1
3304145,2023-02-05 18:26:25.177276+00,2023-02-05 18:26:25.17734+00,f,Chevrolet,Gentra,1859133,2881173,14334966,12,120,f,1
3305271,2023-02-06 03:36:16.386188+00,2023-02-06 03:36:16.386233+00,f,Chevrolet,Cobalt,1859604,2881960,13901750,12,111,f,1
3304741,2023-02-06 00:25:19.56354+00,2023-02-06 00:25:19.563571+00,f,Chevrolet,Nexia 3,1854403,2881599,,12,129,f,1
3817851,2023-03-17 16:58:19.730942+00,2023-03-23 17:18:45.143175+00,t,Chevrolet,Cobalt,497791,2881795,,12,111,f,2
3585840,2023-02-25 15:28:27.447609+00,2023-02-25 15:28:27.44766+00,f,Chevrolet,Cobalt,1898632,2881795,,12,111,f,1
3305056,2023-02-06 03:02:23.562899+00,2023-02-24 06:37:21.691379+00,t,Chevrolet,Cobalt,586867,2881795,,12,111,f,1
3304573,2023-02-05 20:25:52.970483+00,2023-02-05 20:25:52.970511+00,f,Daewoo,Gentra,1853666,2881470,,16,120,f,1
3713902,2023-03-08 16:48:46.385127+00,2023-03-08 16:48:46.38517+00,f,Hyundai,San,901103,2881181,,33,,f,1
3528367,2023-02-20 18:11:07.860232+00,2023-02-20 18:11:07.860314+00,f,Hyundai,santafe,696180,2881181,14996233,33,,f,1
3513698,2023-02-19 15:49:42.752187+00,2023-02-19 15:49:42.75223+00,f,Hyundai,Santafe,1085435,2881181,14915811,33,,f,1
3304286,2023-02-05 18:53:13.313219+00,2023-02-05 18:53:13.313249+00,f,Chevrolet,Damas,1859194,2881272,,12,114,f,1
3304496,2023-02-05 19:48:53.527912+00,2023-02-05 19:48:53.527947+00,f,Chevrolet,Damas,1859285,2881415,,12,114,f,1
3304047,2023-02-05 18:06:33.369982+00,2023-02-05 18:06:33.370033+00,f,Chevrolet,Cobalt,9309,2881097,,12,111,f,2
3304527,2023-02-05 20:04:36.758061+00,2023-02-05 20:04:36.758099+00,f,Chevrolet,Nexia 2,1859296,2881443,13900732,12,128,f,1
3305167,2023-02-06 03:20:06.55911+00,2023-02-06 03:20:06.559144+00,f,Chevrolet,Cobalt,1540619,2881874,,12,111,f,1
3305161,2023-02-06 03:19:43.292771+00,2023-02-06 03:19:43.292831+00,f,Chevrolet,Nexia 3,935438,2881870,,12,129,f,2
3304111,2023-02-05 18:20:11.931992+00,2023-02-05 18:20:11.932069+00,f,Chevrolet,Lacetti,1859128,2881149,,12,119,f,2
3304143,2023-02-05 18:25:57.336135+00,2023-02-05 18:25:57.33617+00,f,Chevrolet,Gentra,578621,2881172,13900107,12,120,f,1
3305124,2023-02-06 03:14:22.216699+00,2023-02-06 03:14:22.216755+00,f,Chevrolet,Matiz,741099,2881842,,12,125,f,1
3303942,2023-02-05 17:47:52.598569+00,2023-02-05 17:47:52.598619+00,f,Chevrolet,Gentra,1847135,2881031,14143231,12,120,f,3
3304137,2023-02-05 18:24:50.086115+00,2023-03-09 06:57:22.587814+00,t,Chevrolet,Equinox,1859112,2881168,,12,116,f,2
3305292,2023-02-06 03:39:11.238496+00,2023-02-07 08:02:09.272287+00,t,ВАЗ (Lada),2107,991001,2881987,,80,486,f,1
3669786,2023-03-04 16:46:18.827043+00,2023-03-04 16:46:18.827094+00,f,Chevrolet,Spark,615575,2881027,,12,133,f,1
3304022,2023-02-05 18:02:23.727112+00,2023-02-05 18:02:23.727146+00,f,Chevrolet,Damas,225743,2881081,13899982,12,114,f,3
3991083,2023-04-01 08:50:37.72201+00,2023-04-01 08:50:37.722098+00,f,Chevrolet,Matiz,1854340,2881928,,12,125,f,1
3305233,2023-02-06 03:30:50.485771+00,2023-04-01 08:48:53.091768+00,t,Chevrolet,Matiz,1854340,2881928,13920977,12,125,f,1
3799032,2023-03-16 06:14:50.064384+00,2023-03-17 04:27:06.21175+00,t,ВАЗ (Lada),Vesta,1771053,2881835,,80,510,f,25
3305116,2023-02-06 03:13:54.202075+00,2023-02-06 03:13:54.202124+00,f,ВАЗ (Lada),Vesta,1859594,2881835,,80,510,f,4
3315728,2023-02-06 17:39:00.105257+00,2023-02-06 17:39:00.105306+00,f,Chevrolet,Nexia,1861681,2881896,,12,127,f,2
3305195,2023-02-06 03:24:55.451217+00,2023-02-06 03:24:55.451256+00,f,Chevrolet,Nexia 2,422212,2881896,,12,128,f,1
3844047,2023-03-20 09:14:24.424677+00,2023-03-20 09:14:24.424724+00,f,Kia,SC5022,2073096,3267923,,40,251,f,1
3304150,2023-02-05 18:27:01.231303+00,2023-02-05 18:27:01.231344+00,f,Chevrolet,Tracker,1658597,2881176,,12,137,f,1
3304094,2023-02-05 18:15:56.056231+00,2023-02-05 18:15:56.05626+00,f,Daewoo,Nexia,1859114,2881134,,16,167,f,1
3304075,2023-02-05 18:12:51.071681+00,2023-02-05 18:12:51.071721+00,f,Daewoo,Damas,1858659,2881115,,16,154,f,2
3305201,2023-02-06 03:25:36.007308+00,2023-02-06 03:25:36.007376+00,f,Chevrolet,Spark,1857989,2881901,,12,133,f,1
3304673,2023-02-05 21:59:07.572869+00,2023-02-06 01:45:47.662323+00,t,Chevrolet,Epica,1695203,2881535,13901000,12,115,f,1
3304814,2023-02-06 01:45:21.877461+00,2023-02-06 01:45:21.877521+00,f,Chevrolet,Epica,1859460,2881535,,12,115,f,1
3305279,2023-02-06 03:37:35.505689+00,2023-02-06 03:37:35.505736+00,f,Daewoo,Damas,1856018,2881972,13901763,16,154,f,1
3304838,2023-02-06 01:59:15.462947+00,2023-02-06 01:59:15.462992+00,f,Chevrolet,Gentra,870530,2881658,,12,120,f,1
3305280,2023-02-06 03:37:39.431721+00,2023-02-06 03:37:39.431767+00,f,Chevrolet,Gentra,1859663,2881973,13901765,12,120,f,1
3304563,2023-02-05 20:20:11.7598+00,2023-02-05 20:20:11.759827+00,f,Chevrolet,Gentra,1859286,2881464,,12,120,f,1
3541759,2023-02-21 20:52:40.253049+00,2023-02-21 20:52:40.253101+00,f,КамАЗ,259131,1076356,2881041,,124,,f,1
3303957,2023-02-05 17:50:39.409984+00,2023-02-05 17:50:39.410266+00,f,КамАЗ,Furgon,1859008,2881041,13899941,124,,f,1
3304345,2023-02-05 19:06:20.709383+00,2023-02-05 19:06:20.709409+00,f,Chevrolet,Gentra,57013,2881311,,12,120,f,1
3305120,2023-02-06 03:14:09.851538+00,2023-02-06 03:14:09.851583+00,f,Daewoo,Damas,1859599,2881838,13901641,16,154,f,1
3304695,2023-02-05 22:36:08.922582+00,2023-02-05 22:36:08.922611+00,f,Chevrolet,Damas,1859348,2881554,,12,114,f,1
3305182,2023-02-06 03:23:04.719651+00,2023-02-06 03:23:04.719745+00,f,Chevrolet,Gentra,1746318,2881887,,12,120,f,1
1917043,2022-10-25 05:03:13.898263+00,2022-10-25 05:03:13.898292+00,f,Chevrolet,Damas,993897,1041726,,12,154,f,1
788392,2022-04-02 04:37:36.904087+00,2022-04-02 04:37:36.90411+00,f,Chevrolet,Damas,34453,1041726,,,,f,1
3305178,2023-02-06 03:22:17.08783+00,2023-02-06 03:22:17.087883+00,f,Chevrolet,Damas,690022,2881884,,12,114,f,2
3304942,2023-02-06 02:37:41.862336+00,2023-02-06 02:37:41.862384+00,f,Hyundai,porter,1859529,2881723,13901382,33,,f,2
4022132,2023-04-04 01:27:58.670466+00,2023-04-04 01:27:58.670519+00,f,Chevrolet,Spark,2115322,2881141,19084011,12,133,f,1
3316230,2023-02-06 19:21:04.749569+00,2023-02-06 19:21:04.749622+00,f,Chevrolet,Spark,1859046,2881141,,12,133,f,1
3304100,2023-02-05 18:17:56.547149+00,2023-02-06 19:18:29.376515+00,t,Chevrolet,Spark,1859046,2881141,,12,133,f,1
3305278,2023-02-06 03:37:21.185654+00,2023-02-06 03:37:21.185699+00,f,Chevrolet,Damas,1187387,2881971,,12,114,f,1
3623239,2023-02-28 17:30:27.005137+00,2023-03-13 23:54:22.293751+00,t,Daewoo,Nexia,1001390,2881760,,16,167,f,2
3304992,2023-02-06 02:48:03.902642+00,2023-02-13 07:13:34.034927+00,f,Chevrolet,Nexia 2,566763,2881760,,12,128,f,2
3305171,2023-02-06 03:21:34.024774+00,2023-02-06 03:21:34.024817+00,f,Daewoo,Matiz (Standart),1859603,2881880,13901673,16,163,f,1
3863224,2023-03-22 08:16:50.092821+00,2023-03-22 08:16:50.092877+00,f,Chevrolet,Matiz,2079955,2881274,,12,125,f,1
3304289,2023-02-05 18:53:53.089528+00,2023-02-05 18:53:53.089561+00,f,Chevrolet,Matiz Best,1856997,2881274,13900319,12,126,f,1
3304148,2023-02-05 18:26:45.6508+00,2023-02-05 18:26:45.650826+00,f,Daewoo,Nexia,1859136,2881174,,16,167,f,1
3338217,2023-02-07 08:58:37.213879+00,2023-02-07 08:58:37.213916+00,f,Chevrolet,Nexia 3,1861672,2881843,13997439,12,129,f,2
3305125,2023-02-06 03:14:52.439065+00,2023-02-06 03:14:52.439125+00,f,Chevrolet,Nexia 3,1057827,2881843,13901642,12,129,f,1
3304885,2023-02-06 02:23:21.211861+00,2023-02-06 02:23:21.211914+00,f,Chevrolet,Cobalt,1859486,2881689,13901294,12,111,f,2
3304421,2023-02-05 19:27:13.042497+00,2023-02-05 19:27:13.042541+00,f,ВАЗ (Lada),2111,17939,2881362,13900616,80,494,f,6
3304288,2023-02-05 18:53:51.450327+00,2023-02-05 18:53:51.450367+00,f,Chevrolet,Nexia 2,1859195,2881275,,12,128,f,1
3304652,2023-02-05 21:24:35.876765+00,2023-02-05 21:27:47.050489+00,f,Daewoo,Gentra,1408819,2881520,,16,156,f,2
3304485,2023-02-05 19:44:58.08935+00,2023-02-05 19:44:58.089402+00,f,Chevrolet,Spark,1691319,2881406,,12,133,f,1
3304299,2023-02-05 18:56:45.099054+00,2023-02-05 18:56:45.099096+00,f,Chevrolet,Damas,1315823,2881284,,12,114,f,1
3322586,2023-02-07 04:46:06.970468+00,2023-02-07 04:46:06.970513+00,f,Chevrolet,Nexia 3,1823257,2881485,,12,129,f,4
3304598,2023-02-05 20:35:29.73798+00,2023-02-05 20:35:29.738031+00,f,Chevrolet,Orlando,454577,2881485,13900841,12,132,f,1
3305168,2023-02-06 03:20:41.241891+00,2023-02-06 03:20:41.241944+00,f,Chevrolet,Nexia 2,1859624,2881876,,12,128,f,1
3567610,2023-02-24 06:01:43.34243+00,2023-02-24 06:01:43.342492+00,f,Chevrolet,Spark,1858985,2881040,15228349,12,133,f,1
3305209,2023-02-06 03:26:54.348597+00,2023-02-06 03:26:54.348642+00,f,Chevrolet,Damas,1859632,2881905,,12,114,f,1
3304096,2023-02-05 18:16:21.790321+00,2023-02-05 18:16:21.790387+00,f,Chevrolet,Nexia 3,1859116,2881137,13900044,12,129,f,1
3304410,2023-02-05 19:23:26.218207+00,2023-02-05 19:23:26.218239+00,f,Chevrolet,Matiz,1734884,2881352,,12,125,f,2
3304044,2023-02-05 18:05:35.529693+00,2023-02-05 18:05:35.529744+00,f,Chevrolet,Spark,1859091,2881095,,12,133,f,1
3304576,2023-02-05 20:27:16.968651+00,2023-02-05 20:27:16.968684+00,f,CSMITS SPR,SCHMITZ CPR,1442504,2881473,13900832,,,f,1
280162,2021-11-07 13:50:23.880355+00,2023-02-06 03:20:42.183037+00,t,Chevrolet,Nexia 3,198079,563090,,12,129,f,1
3812965,2023-03-17 09:22:41.973661+00,2023-03-18 06:00:55.603925+00,t,Chevrolet,Matiz,989978,3243261,,12,125,f,1
3305069,2023-02-06 03:05:44.894874+00,2023-02-06 03:05:44.894904+00,f,Daewoo,Labo,1859582,2881807,13901529,16,158,f,2
3305281,2023-02-06 03:37:41.869605+00,2023-02-06 03:37:41.869657+00,f,Chevrolet,neksiya 3,1859659,2881974,13901766,12,,f,1
3829878,2023-03-19 03:02:22.997225+00,2023-03-19 03:02:22.997274+00,f,Chevrolet,Cobalt,1801539,2881570,17355024,12,111,f,1
3304712,2023-02-05 23:10:45.644737+00,2023-02-05 23:10:45.644769+00,f,Chevrolet,Cobalt,1277484,2881570,13901089,12,111,f,1
3304811,2023-02-06 01:43:10.061797+00,2023-02-06 01:43:10.061852+00,f,ВАЗ (Lada),2106,1729868,2881642,,80,485,f,1
3304765,2023-02-06 00:54:44.027751+00,2023-02-06 00:54:44.027792+00,f,Volkswagen,ID.4,1263314,2881613,,75,465,f,1
3305231,2023-02-06 03:30:38.820023+00,2023-02-06 03:30:38.820065+00,f,Daewoo,Matiz (Standart),154599,2881927,,16,163,f,1
3304981,2023-02-06 02:45:50.570115+00,2023-02-06 02:45:50.570164+00,f,Chevrolet,Cobalt,1177581,2881755,,12,111,f,1
3305111,2023-02-06 03:12:07.097964+00,2023-03-08 19:35:34.118351+00,t,Chevrolet,Nexia 3,1661426,2881830,,12,129,f,2
3549108,2023-02-22 12:33:41.204147+00,2023-02-22 12:33:41.204198+00,f,Chevrolet,Nexia 3,1633378,2881830,,12,129,f,1
3398591,2023-02-10 08:56:54.851004+00,2023-02-17 08:18:35.062379+00,t,Chevrolet,Nexia 3,1214723,2881830,,12,129,f,2
3570987,2023-02-24 10:31:38.095376+00,2023-02-24 10:31:38.095434+00,f,Chevrolet,Malibu 2,1632148,2881551,15264905,12,124,f,1
3304693,2023-02-05 22:33:32.134957+00,2023-02-05 22:33:32.134989+00,f,Chevrolet,Malibu 2,1720247,2881551,,12,124,f,3
3304988,2023-02-06 02:47:21.973027+00,2023-02-06 02:47:21.973102+00,f,Chevrolet,Gentra,224758,2881757,,12,120,f,1
3305132,2023-02-06 03:15:55.867625+00,2023-02-06 03:15:55.867673+00,f,Daewoo,Nexia,1859605,2881850,13901646,16,167,f,1
3304021,2023-02-05 18:02:22.933331+00,2023-02-05 18:02:22.933392+00,f,Daewoo,Damas,1374444,2881080,,16,,f,1
3304078,2023-02-05 18:13:38.826056+00,2023-02-05 18:13:38.826106+00,f,Chevrolet,Cobalt,1859107,2881121,,12,111,f,2
3305092,2023-02-06 03:08:56.873546+00,2023-02-06 03:08:56.873587+00,f,Daewoo,Nexia II,1859583,2881820,13901538,16,168,f,1
3305059,2023-02-06 03:02:59.36859+00,2023-02-06 03:02:59.368638+00,f,ГАЗ,27527,1760309,2881798,13901527,82,,f,5
3462506,2023-02-15 11:11:03.191895+00,2023-03-27 11:50:39.776638+00,t,Tesla,Model Y,771476,2881227,,72,419,f,2
3304916,2023-02-06 02:31:16.278085+00,2023-02-06 02:31:16.278121+00,f,Chevrolet,Matiz,1855685,2881708,13901365,12,125,f,1
3768498,2023-03-13 12:25:23.620646+00,2023-03-13 12:25:23.620712+00,f,Chevrolet,Malibu,1859499,2881685,16708477,12,123,f,1
3304154,2023-02-05 18:27:39.503017+00,2023-02-05 18:27:39.503064+00,f,Daewoo,Spark,1859106,2881180,,16,133,f,1
3305257,2023-02-06 03:33:26.723058+00,2023-02-06 03:33:26.723119+00,f,Chevrolet,Cobalt,1859642,2881945,13901744,12,111,f,1
3408551,2023-02-11 06:48:41.512883+00,2023-02-11 06:48:41.512928+00,f,Chevrolet,Nexia 2,634462,2881782,,12,128,f,1
3305035,2023-02-06 02:56:22.786578+00,2023-02-06 02:56:22.786624+00,f,Chevrolet,Nexia 2,923635,2881782,,12,128,f,1
3305172,2023-02-06 03:21:35.843079+00,2023-02-06 03:21:35.843124+00,f,Chevrolet,Gentra,1858598,2881879,,12,120,f,1
3304689,2023-02-05 22:20:43.900313+00,2023-02-05 22:20:43.900333+00,f,DAMAS,Damas,1859383,2881546,,,114,f,1
3900015,2023-03-25 10:20:40.037562+00,2023-03-25 10:20:40.037602+00,f,ВАЗ (Lada),2101,1613554,2881474,18103038,80,480,f,1
3304577,2023-02-05 20:27:38.506286+00,2023-03-25 10:18:07.67525+00,t,ВАЗ (Lada),2101,1613554,2881474,18102996,80,480,f,3
3304356,2023-02-05 19:07:53.193743+00,2023-03-09 12:16:52.99458+00,t,Chevrolet,Lacetti,1768652,2881317,,12,119,f,1
3662653,2023-03-04 06:15:48.38101+00,2023-03-04 06:16:35.983924+00,t,Chevrolet,Lacetti,782427,2881317,,12,119,f,1
1090433,2022-06-16 05:44:50.306349+00,2022-06-16 05:44:50.306372+00,f,Chevrolet,Spark,715721,1252542,2658245,12,133,f,1
3629864,2023-03-01 10:41:53.768811+00,2023-03-01 10:41:53.768877+00,f,Chevrolet,Cobalt,1374754,2881436,,12,111,f,2
3303982,2023-02-05 17:55:28.090714+00,2023-02-05 17:55:28.090755+00,f,Chevrolet,Labo,482670,2881055,,12,118,f,1
3304634,2023-02-05 21:05:13.76342+00,2023-02-05 21:05:13.763449+00,f,Chevrolet,Spark,1859346,2881507,,12,133,f,1
3304610,2023-02-05 20:48:18.886249+00,2023-02-05 20:48:18.886274+00,f,Chevrolet,Nexia 3,803851,2881493,13900890,12,129,f,1
3304392,2023-02-05 19:17:49.726836+00,2023-02-05 19:17:49.726924+00,f,Москвич,АЗЛК 2136 Комби,1859243,2881319,13900489,87,558,f,1
3304360,2023-02-05 19:08:09.465511+00,2023-02-05 19:08:09.465568+00,f,Москвич,АЗЛК 2140,1216221,2881319,13900461,87,561,f,1
3304406,2023-02-05 19:22:46.304046+00,2023-02-05 19:22:46.304077+00,f,Chevrolet,Nexia 3,51172,2881349,,12,129,f,3
636523,2022-02-22 11:26:27.155994+00,2022-11-25 12:19:31.874527+00,t,Chevrolet,Cobalt,197330,837100,,12,111,f,1
3304930,2023-02-06 02:35:58.408366+00,2023-03-26 00:02:18.813098+00,t,ВАЗ (Lada),2101,887536,2881716,,80,480,f,1
3304815,2023-02-06 01:45:53.747706+00,2023-02-06 01:45:53.747736+00,f,Chevrolet,Nexia 3,1859449,2881644,,12,129,f,1
3305145,2023-02-06 03:18:38.673578+00,2023-02-06 03:18:38.673631+00,f,Chevrolet,Nexia,1859609,2881861,,12,127,f,1
3797252,2023-03-16 04:01:43.467533+00,2023-03-16 04:01:43.467587+00,f,Chevrolet,Cobalt,2052179,2881512,17027814,12,111,f,1
3304641,2023-02-05 21:12:12.856864+00,2023-02-05 21:12:12.856893+00,f,Chevrolet,Cobalt,1856889,2881512,13900963,12,111,f,1
3304646,2023-02-05 21:19:11.739993+00,2023-02-05 21:19:11.740017+00,f,Chevrolet,Spark,41549,2881516,,12,133,f,1
3305089,2023-02-06 03:08:15.255865+00,2023-02-06 03:08:15.255919+00,f,Chevrolet,Cobalt,1785827,2881818,,12,111,f,1
3915156,2023-03-26 15:59:43.591652+00,2023-03-26 15:59:43.591692+00,f,Chevrolet,Nexia 3,1377126,2881098,,12,129,f,2
3304049,2023-02-05 18:06:44.299505+00,2023-02-05 18:06:44.299555+00,f,Chevrolet,Matiz,1859092,2881098,,12,125,f,1
3304580,2023-02-05 20:28:48.41813+00,2023-02-05 20:34:31.62249+00,t,Chevrolet,Damas,300746,2881476,,12,114,f,1
3305176,2023-02-06 03:21:55.275112+00,2023-02-06 03:21:55.275214+00,f,Chevrolet,Cobalt,935438,2881883,,12,111,f,1
3797080,2023-03-16 03:45:42.353213+00,2023-03-16 03:45:42.353284+00,f,Chevrolet,Gentra,2052723,2881935,,12,120,f,1
3305246,2023-02-06 03:32:00.834665+00,2023-02-06 03:32:00.834759+00,f,Daewoo,Gentra,918403,2881935,,16,156,f,1
3757017,2023-03-12 12:36:53.260699+00,2023-03-12 12:36:53.260737+00,f,Chevrolet,Gentra,885180,2881446,,12,120,f,1
3304531,2023-02-05 20:05:24.763139+00,2023-02-05 20:05:24.763166+00,f,Chevrolet,Gentra,27463,2881446,13900734,12,120,f,1
3303935,2023-02-05 17:46:30.527548+00,2023-02-05 17:46:30.52759+00,f,Daewoo,Nexia,1854707,2881028,,16,167,f,2
3812974,2023-03-17 09:23:28.51173+00,2023-03-17 09:23:28.511765+00,f,Chevrolet,Cobalt,2059419,3243267,,12,111,f,1
3305061,2023-02-06 03:03:47.649717+00,2023-02-06 03:03:47.649762+00,f,Chevrolet,Lacetti,1859570,2881801,,12,119,f,1
3889543,2023-03-24 14:36:58.779714+00,2023-03-24 14:36:58.779765+00,f,Daewoo,Nexia,2094076,2881669,,16,167,f,1
3304860,2023-02-06 02:07:29.400127+00,2023-02-06 02:07:29.400162+00,f,Daewoo,Nexia,1796583,2881669,,16,167,f,1
3624001,2023-03-01 02:43:53.095697+00,2023-03-01 02:43:53.095759+00,f,Chevrolet,Cobalt,578992,2881871,,12,111,f,1
3305162,2023-02-06 03:19:44.605973+00,2023-02-14 00:58:28.727812+00,t,Chevrolet,Cobalt,377818,2881871,,12,111,f,1
3304252,2023-02-05 18:46:33.374973+00,2023-03-09 04:46:19.93234+00,t,Chevrolet,Damas,1184257,2881250,,12,114,f,1
3304041,2023-02-05 18:04:39.443666+00,2023-02-05 18:04:39.443759+00,f,Chevrolet,Cobalt,1859086,2881092,15983125,12,111,f,1
2342028,2022-11-24 10:37:22.870496+00,2022-11-24 10:37:22.870545+00,t,Chevrolet,Lacetti,1374575,1740395,,12,119,f,2
2342321,2022-11-24 10:52:24.785125+00,2022-12-24 07:44:43.611653+00,t,Chevrolet,Lacetti,408253,1740395,8513162,12,119,f,1
2341965,2022-11-24 10:34:19.041168+00,2022-12-09 01:58:08.667109+00,t,Chevrolet,Gentra,282374,1740395,,12,120,f,1
1725496,2022-10-11 05:48:34.412977+00,2022-11-24 10:50:18.721603+00,t,Chevrolet,Lacetti,408253,1740395,6323187,12,119,f,1
3741919,2023-03-11 05:49:52.272953+00,2023-03-11 05:49:52.273007+00,f,Chevrolet,Nexia 3,2028459,2881607,,12,129,f,1
3304752,2023-02-06 00:42:01.332969+00,2023-02-06 00:43:37.994292+00,t,Chevrolet,Nexia 3,1859427,2881607,,12,129,f,1
3782879,2023-03-14 16:14:19.011789+00,2023-03-14 16:14:19.01183+00,f,BYD,Yuan plus,703153,2881983,,5,,f,1
3305235,2023-02-06 03:31:22.236202+00,2023-02-06 03:31:22.236264+00,f,Isuzu,Hl,155987,2881931,,35,,f,1
3304502,2023-02-05 19:50:23.438349+00,2023-02-05 19:50:23.438378+00,f,Chevrolet,Malibu 2,1859280,2881420,13900699,12,124,f,1
3304465,2023-02-05 19:38:35.535946+00,2023-02-05 19:38:35.535991+00,f,Chevrolet,Cobalt,1859273,2881390,,12,111,f,1
3989704,2023-04-01 06:59:09.421206+00,2023-04-01 06:59:09.421277+00,f,МАЗ,maz,296041,2881888,,126,,f,1
3305183,2023-02-06 03:23:15.712579+00,2023-03-13 06:25:43.894902+00,t,МАЗ,maz atz 9 5337,296041,2881888,,126,,f,3
3305119,2023-02-06 03:14:04.584976+00,2023-02-09 14:09:23.328695+00,f,Chevrolet,Cobalt,180523,2881837,,12,111,f,3
3304141,2023-02-05 18:25:05.601376+00,2023-02-05 18:25:05.601439+00,f,ГАЗ,ГАЗ пекап 2411,1828990,2881170,,82,,f,2
3864566,2023-03-22 10:17:54.091246+00,2023-03-22 10:17:54.09142+00,f,Chevrolet,Damas,2082288,2881052,,12,114,f,1
3303977,2023-02-05 17:54:05.691828+00,2023-02-05 17:54:05.691879+00,f,Daewoo,Damas,216732,2881052,,16,154,f,1
3674629,2023-03-05 08:41:06.761165+00,2023-03-05 08:41:06.761227+00,f,Chevrolet,Cobalt,1997173,2881895,,12,111,f,1
3305194,2023-02-06 03:24:53.6924+00,2023-02-06 03:24:53.692569+00,f,Chevrolet,Cobalt,997998,2881895,13901688,12,111,f,1
3304895,2023-02-06 02:25:40.34485+00,2023-02-06 02:25:40.344904+00,f,Chevrolet,Lacetti,1859504,2881694,16574945,12,119,f,1
3304972,2023-02-06 02:43:44.719748+00,2023-02-06 02:43:44.719804+00,f,Chevrolet,Tracker,1366418,2881744,,12,137,f,1
3305117,2023-02-06 03:13:59.910692+00,2023-02-06 03:13:59.91073+00,f,ВАЗ (Lada),21011,352088,2881836,13949300,80,,f,1
3304114,2023-02-05 18:20:22.792505+00,2023-02-05 18:20:22.792582+00,f,Chevrolet,Damas,1522949,2881151,,12,114,f,2
3305045,2023-02-06 02:59:57.231271+00,2023-02-06 02:59:57.231319+00,f,Daewoo,Nexia,1851453,2881790,,16,167,f,1
3936426,2023-03-28 08:52:15.224555+00,2023-03-29 00:08:27.278864+00,t,Chevrolet,Nexia 3,212118,2881545,,12,129,f,1
3855980,2023-03-21 12:57:52.244258+00,2023-03-21 12:57:52.244354+00,f,Chevrolet,Gentra,570958,2881545,18457306,12,120,f,1
3304687,2023-02-05 22:14:30.961578+00,2023-02-05 22:14:30.961607+00,f,Chevrolet,Gentra,172748,2881545,,12,120,f,1
3304043,2023-02-05 18:05:12.147317+00,2023-02-05 18:05:12.147385+00,f,ЗиЛ,samasval,1030914,2881094,,123,,f,2
3352507,2023-02-07 14:54:28.793635+00,2023-03-09 17:40:50.765662+00,t,Chevrolet,Nexia 3,1017033,2881940,,12,129,f,3
3305250,2023-02-06 03:32:33.973271+00,2023-02-06 03:32:33.973329+00,f,Chevrolet,Damas,1859644,2881940,13901738,12,114,f,1
3556016,2023-02-23 06:25:56.956316+00,2023-02-23 06:25:56.956362+00,f,Daewoo,Matiz (Standart),1947774,2881810,,16,163,f,1
3305076,2023-02-06 03:06:40.083873+00,2023-02-06 03:06:40.083938+00,f,Daewoo,Matiz,1267705,2881810,,16,125,f,2
3304026,2023-02-05 18:03:01.380705+00,2023-02-05 18:03:01.380763+00,f,Chevrolet,Cobalt,1859070,2881083,,12,111,f,1
1776866,2022-10-15 00:37:29.359069+00,2023-01-15 10:37:35.99373+00,t,Chevrolet,Cobalt,1087796,1779751,6440112,12,111,f,2
2208874,2022-11-15 07:19:04.257294+00,2022-12-19 14:40:37.551014+00,t,Chevrolet,Cobalt,325203,1779751,,12,111,f,1
3304492,2023-02-05 19:48:08.685667+00,2023-02-05 19:48:08.685698+00,f,Chevrolet,Lacetti,1859288,2881412,,12,119,f,2
3304944,2023-02-06 02:38:03.802349+00,2023-02-06 02:38:03.802401+00,f,Chevrolet,Equinox,1798697,2881726,14580482,12,116,f,1
3305066,2023-02-06 03:05:02.32577+00,2023-02-06 03:05:02.325816+00,f,ВАЗ (Lada),2106,1859572,2881803,,80,485,f,3
3304029,2023-02-05 18:03:27.71612+00,2023-02-05 18:03:27.716154+00,f,Chevrolet,Spark,1858948,2881087,,12,133,f,1
3303984,2023-02-05 17:55:40.295227+00,2023-02-05 17:55:40.295295+00,f,Chevrolet,Nexia 2,1859017,2881056,13899960,12,128,f,1
911763,2022-05-09 12:45:00.736585+00,2022-05-09 12:45:00.73661+00,f,Chevrolet,Cobalt,578992,1126516,,12,111,f,2
3375387,2023-02-08 16:19:15.509268+00,2023-02-13 00:02:07.40335+00,t,Chevrolet,Nexia 3,844019,2881071,,12,129,f,1
3304011,2023-02-05 18:01:23.069189+00,2023-02-05 18:01:23.069228+00,f,Chevrolet,Epica,1109072,2881071,,12,115,f,4
3304010,2023-02-05 18:01:09.091275+00,2023-02-05 18:01:09.091333+00,f,Chevrolet,Epica,1596569,2881071,13899977,12,115,f,1
3369637,2023-02-08 10:17:24.877032+00,2023-02-08 10:17:24.877092+00,f,Chevrolet,Cobalt,1859338,2881494,14092311,12,111,f,2
3304612,2023-02-05 20:48:41.606397+00,2023-02-06 15:07:59.571472+00,t,Chevrolet,Cobalt,1859338,2881494,,12,111,f,1
3304665,2023-02-05 21:45:01.102421+00,2023-02-05 21:45:01.10245+00,f,Chevrolet,Spark,1859364,2881529,,12,133,f,2
3304287,2023-02-05 18:53:15.583733+00,2023-02-05 18:53:15.583769+00,f,Chevrolet,Gentra,1800879,2881273,,12,120,f,1
3305169,2023-02-06 03:20:46.607775+00,2023-02-06 03:20:46.607804+00,f,ГАЗ,A30,1859601,2881877,,82,519,f,1
3304767,2023-02-06 00:55:28.398362+00,2023-02-06 00:55:28.398396+00,f,Daewoo,Nexia,1859429,2881614,,16,167,f,1
3305085,2023-02-06 03:07:31.252737+00,2023-02-06 03:07:31.252795+00,f,Chevrolet,Labo,1727396,2881816,,12,158,f,1
3304607,2023-02-05 20:45:43.720988+00,2023-03-31 20:01:11.154367+00,t,ВАЗ (Lada),2107,1374337,2881490,13900887,80,486,f,2
3807169,2023-03-16 17:19:34.627488+00,2023-03-16 17:19:34.627541+00,f,ВАЗ (Lada),2107,2056883,2881490,17120582,80,486,f,1
3304197,2023-02-05 18:35:23.188678+00,2023-02-05 18:35:23.188705+00,f,Chevrolet,tracker 2,1858606,2881217,18940943,12,,f,2
3902360,2023-03-25 13:35:39.682078+00,2023-03-25 13:35:39.682109+00,f,Chevrolet,Tracker,1920350,2881217,18110978,12,137,f,1
3400480,2023-02-10 11:13:32.141428+00,2023-02-10 11:13:32.141523+00,f,Chevrolet,Lacetti,1884540,2881233,,12,119,f,1
3304223,2023-02-05 18:39:53.63139+00,2023-02-05 18:39:53.63142+00,f,LACETTI,Gentra,1859167,2881233,,,120,f,1
3317109,2023-02-07 03:09:32.17346+00,2023-02-07 03:09:32.173528+00,f,Chevrolet,Nexia 3,1795515,2881233,,12,129,f,3
3304109,2023-02-05 18:19:56.073594+00,2023-02-05 18:19:56.073653+00,f,Chevrolet,Damas,1859115,2881147,13900047,12,114,f,1
3304686,2023-02-05 22:12:39.632384+00,2023-02-05 22:12:39.632414+00,f,Chevrolet,Nexia 3,1859382,2881544,,12,129,f,1
3304200,2023-02-05 18:36:06.956947+00,2023-02-05 18:36:06.956981+00,f,ВАЗ (Lada),2101,1859139,2881220,13900171,80,480,f,1
3427459,2023-02-12 15:27:47.858462+00,2023-02-12 15:27:47.858505+00,f,Chevrolet,Nexia 2,1894708,2881786,14416708,12,128,f,1
3305040,2023-02-06 02:58:45.58212+00,2023-02-06 02:58:45.582206+00,f,Chevrolet,Nexia 2,579898,2881786,,12,128,f,3
3545348,2023-02-22 07:29:50.106801+00,2023-02-22 07:29:50.106845+00,f,Chevrolet,Gentra,1942863,2881764,,12,120,f,1
3305007,2023-02-06 02:51:30.256311+00,2023-02-06 02:51:30.256366+00,f,Chevrolet,Gentra,1859558,2881764,,12,120,f,4
3303956,2023-02-05 17:50:38.140593+00,2023-02-05 17:50:38.140627+00,f,Chevrolet,Nexia 3,482670,2881042,,12,129,f,2
3994602,2023-04-01 14:38:57.05647+00,2023-04-01 14:38:57.056544+00,f,Chevrolet,Matiz,2139017,2881882,,12,125,f,3
3305174,2023-02-06 03:21:53.414464+00,2023-02-18 13:18:19.771864+00,t,Chevrolet,Matiz,259944,2881882,,12,125,f,12
3304280,2023-02-05 18:52:29.489338+00,2023-02-05 18:52:29.4894+00,f,Daewoo,Nexia,941126,2881270,,16,167,f,1
3759018,2023-03-12 15:56:50.994167+00,2023-03-12 15:56:50.994281+00,f,Chevrolet,Nexia 2,292306,2881624,,12,128,f,3
3304783,2023-02-06 01:22:17.546389+00,2023-02-06 01:22:17.546433+00,f,Chevrolet,Nexia 2,1859445,2881624,,12,128,f,2
3304166,2023-02-05 18:30:24.100741+00,2023-02-05 18:30:24.100768+00,f,Chevrolet,Damas,1859129,2881192,13900133,12,114,f,1
3314306,2023-02-06 15:34:44.480785+00,2023-02-06 15:34:44.480837+00,f,Chevrolet,Spark,309036,2881315,,12,133,f,1
3828464,2023-03-18 17:20:32.359767+00,2023-03-18 17:20:32.359841+00,f,Chevrolet,Nexia 2,2066284,3255628,17342230,12,128,f,1
3305262,2023-02-06 03:34:20.324062+00,2023-02-06 03:34:20.32411+00,f,Chevrolet,Gentra,1851058,2881948,13901745,12,120,f,1
3693437,2023-03-07 01:13:24.849987+00,2023-03-07 13:50:43.142275+00,t,Chevrolet,Cobalt,885237,2881491,,12,111,f,1
3304608,2023-02-05 20:45:45.882782+00,2023-02-05 20:45:45.882814+00,f,Chevrolet,Cobalt,1859334,2881491,,12,111,f,1
3305170,2023-02-06 03:20:54.236751+00,2023-02-06 03:20:54.236796+00,f,ВАЗ (Lada),2106,1856467,2881878,,80,485,f,1
3305028,2023-02-06 02:55:09.324674+00,2023-02-06 02:55:09.324703+00,f,Daewoo,Matiz (Standart),1859556,2881778,,16,163,f,1
3304497,2023-02-05 19:49:11.178451+00,2023-02-05 19:49:11.178496+00,f,Chevrolet,Matiz Best,1859271,2881416,13901974,12,126,f,1
3304398,2023-02-05 19:20:16.471473+00,2023-02-05 19:20:16.471523+00,f,Chevrolet,Nexia 3,1857822,2881344,,12,129,f,1
3304095,2023-02-05 18:16:13.117118+00,2023-02-05 18:16:13.117153+00,f,УАЗ,UAZ23632130,1858020,2881136,,91,,f,1
3304680,2023-02-05 22:05:36.100572+00,2023-02-05 22:05:36.100602+00,f,Chevrolet,Gentra,1859372,2881540,,12,120,f,2
3304469,2023-02-05 19:39:41.562834+00,2023-02-05 19:39:41.562886+00,f,ГАЗ,Газ,636054,2881393,13900650,82,,f,1
3304923,2023-02-06 02:34:08.685982+00,2023-02-06 02:34:08.686011+00,f,Chevrolet,Gentra,1743896,2881712,,12,120,f,2
3303921,2023-02-05 17:43:56.793212+00,2023-02-05 17:43:56.793258+00,f,Chevrolet,Malibu 2,39533,2881018,,12,124,f,2
3305044,2023-02-06 02:59:52.905179+00,2023-02-06 02:59:52.90521+00,f,Chevrolet,Gentra,75034,2881789,,12,120,f,1
3304909,2023-02-06 02:29:14.101992+00,2023-02-06 02:29:14.102101+00,f,Chevrolet,Gentra,1858345,2881703,,12,120,f,1
3305185,2023-02-06 03:23:31.071722+00,2023-02-06 03:23:31.071776+00,f,ВАЗ (Lada),2111,1859610,2881889,,80,494,f,1
3304453,2023-02-05 19:35:03.336942+00,2023-02-05 19:35:03.336997+00,f,Chevrolet,Nexia 3,1147707,2881381,,12,129,f,1
3835129,2023-03-19 12:01:31.199064+00,2023-03-19 12:01:31.199108+00,f,Chevrolet,Tracker,2069147,2881421,,12,137,f,1
3304246,2023-02-05 18:45:29.319511+00,2023-02-05 18:45:29.319563+00,f,Chevrolet,Matiz,1105654,2881248,,12,125,f,1
3579375,2023-02-25 06:18:07.04484+00,2023-02-25 06:18:07.0449+00,f,Chevrolet,Captiva,1957490,2881536,,12,108,f,1
3309960,2023-02-06 10:28:25.997333+00,2023-02-06 10:28:25.997391+00,f,Chevrolet,Captiva,1862303,2881536,,12,108,f,1
3308913,2023-02-06 09:24:33.029753+00,2023-02-06 09:24:33.029804+00,f,Chevrolet,Captiva,1234533,2881536,,12,108,f,4
3304675,2023-02-05 21:59:30.79095+00,2023-02-05 21:59:30.791064+00,f,Chevrolet,Captiva,1271421,2881536,13901002,12,108,f,6
3304842,2023-02-06 02:00:07.308488+00,2023-02-06 02:00:07.308576+00,f,Chevrolet,Spark,1859474,2881280,,12,133,f,1
3304296,2023-02-05 18:55:29.100316+00,2023-02-05 18:55:29.100346+00,f,Chevrolet,Spark,1856159,2881280,,12,133,f,1
3313383,2023-02-06 14:20:03.121334+00,2023-02-06 14:20:03.121383+00,f,Chevrolet,Cobalt,990121,2881365,,12,111,f,8
3307300,2023-02-06 07:37:57.852983+00,2023-02-06 14:18:41.817165+00,t,Chevrolet,Cobalt,990121,2881365,,12,111,f,1
3304422,2023-02-05 19:27:39.285832+00,2023-02-06 07:36:04.259643+00,t,Chevrolet,Cobalt,990121,2881365,,12,111,f,1
3304694,2023-02-05 22:33:39.993306+00,2023-02-05 22:33:39.993337+00,f,Chevrolet,Spark,1632544,2881552,,12,133,f,1
3417482,2023-02-11 17:40:33.161057+00,2023-02-11 17:40:33.161169+00,f,Chevrolet,Cobalt,1859142,2881210,14373148,12,111,f,1
3304190,2023-02-05 18:33:59.236628+00,2023-02-11 17:04:23.172079+00,t,Chevrolet,Cobalt,1859142,2881210,13900147,12,111,f,1
3552580,2023-02-22 18:03:52.638296+00,2023-02-22 18:03:52.638368+00,f,Chevrolet,Gentra,1347607,2881241,,12,120,f,1
3304235,2023-02-05 18:41:55.739427+00,2023-02-05 18:41:55.739479+00,f,Chevrolet,Gentra,1859163,2881241,13900185,12,120,f,1
3305199,2023-02-06 03:25:14.21772+00,2023-02-06 03:25:14.217783+00,f,ВАЗ (Lada),2107,1195044,2881899,,80,486,f,1
4002135,2023-04-02 08:57:43.287818+00,2023-04-02 08:57:43.287851+00,f,Chevrolet,Epica,1802280,2881402,18945855,12,115,f,1
3304108,2023-02-05 18:19:55.145727+00,2023-02-05 18:19:55.145772+00,f,Chevrolet,Cobalt,565545,2881148,13900139,12,111,f,1
3304001,2023-02-05 17:58:20.294769+00,2023-02-05 17:58:20.294821+00,f,Chevrolet,Nexia 2,1859042,2881063,,12,128,f,1
3879682,2023-03-23 16:10:15.774875+00,2023-03-23 16:10:15.774959+00,f,Chevrolet,Nexia 2,2087674,2881489,,12,128,f,2
3307576,2023-02-06 07:54:33.821605+00,2023-03-07 19:59:58.810906+00,t,Chevrolet,Nexia 2,1632164,2881489,,12,128,f,1
3304603,2023-02-05 20:39:20.359376+00,2023-02-05 20:39:20.359401+00,f,Chevrolet,Nexia 2,1859330,2881489,,12,128,f,12
3304314,2023-02-05 19:00:43.253661+00,2023-02-05 19:00:43.253709+00,f,Chevrolet,Nexia 2,1840455,2881295,13900342,12,128,f,1
3684890,2023-03-06 07:27:30.476627+00,2023-03-06 07:27:30.476691+00,f,Chevrolet,Cobalt,2003688,2881575,,12,111,f,1
3501156,2023-02-18 13:22:15.321273+00,2023-02-18 13:22:15.321335+00,f,Chevrolet,Cobalt,1176046,2881575,,12,111,f,1
3304716,2023-02-05 23:16:05.681778+00,2023-02-16 18:19:57.506097+00,t,Chevrolet,Cobalt,1065246,2881575,,12,111,f,1
3304399,2023-02-05 19:20:16.584885+00,2023-02-05 19:20:16.584936+00,f,ВАЗ (Lada),2106,1067252,2881345,14358217,80,485,f,3
3303946,2023-02-05 17:48:38.591983+00,2023-02-05 17:48:38.592024+00,f,Chevrolet,Cobalt,942849,2881033,,12,111,f,1
3304553,2023-02-05 20:14:28.133719+00,2023-02-05 20:14:28.133758+00,f,Chevrolet,Nexia 3,187215,2881457,,12,129,f,1
3304748,2023-02-06 00:33:43.331989+00,2023-02-06 00:33:43.332017+00,f,Daewoo,Damas,326120,2881602,,16,154,f,2
3304308,2023-02-05 18:59:16.341154+00,2023-02-05 18:59:16.341184+00,f,Chevrolet,Tracker,1859201,2881289,,12,137,f,1
3737592,2023-03-10 16:14:51.617097+00,2023-03-10 16:14:51.617144+00,f,Chevrolet,Spark,1616880,2881866,,12,133,f,1
3305158,2023-02-06 03:19:39.892491+00,2023-02-06 03:19:39.892536+00,f,Chevrolet,Spark,1672519,2881866,,12,133,f,1
3304928,2023-02-06 02:35:42.201991+00,2023-02-06 02:35:42.202035+00,f,Chevrolet,Matiz,792068,2881714,,12,125,f,1
3304858,2023-02-06 02:06:53.822649+00,2023-02-06 02:06:53.822695+00,f,Daewoo,Nexia II,1664844,2881668,13901291,16,168,f,1
3678602,2023-03-05 15:11:55.784212+00,2023-03-05 15:11:55.784258+00,f,Chevrolet,Cobalt,2000878,2881384,15940214,12,111,f,1
3304457,2023-02-05 19:36:37.812717+00,2023-02-05 19:36:37.812744+00,f,Chevrolet,Cobalt,1505927,2881384,,12,111,f,1
3729024,2023-03-10 04:54:01.988273+00,2023-03-10 04:54:01.988433+00,f,Chevrolet,Gentra,1020704,2881504,16385802,12,120,f,1
3304624,2023-02-05 20:58:17.507249+00,2023-02-05 20:58:17.507276+00,f,Chevrolet,Gentra,1859345,2881504,,12,120,f,1
205692,2021-10-04 07:44:12.275297+00,2021-12-06 08:27:52.00656+00,t,Chevrolet,Damas,13219,372038,,12,114,f,1
3305050,2023-02-06 03:00:55.196259+00,2023-02-06 03:00:55.196289+00,f,Chevrolet,Lacetti,1286205,2881793,,12,119,f,1
3304135,2023-02-05 18:24:43.171171+00,2023-02-05 18:24:43.171241+00,f,Chevrolet,Spark,478633,2881166,,12,133,f,1
3305284,2023-02-06 03:38:06.574867+00,2023-02-06 03:38:06.57504+00,f,Chevrolet,Nexia 2,1785977,2881977,,12,128,f,1
3305074,2023-02-06 03:06:21.988666+00,2023-02-06 03:06:21.988711+00,f,Chevrolet,Lacetti,1858909,2881809,,12,119,f,1
3303911,2023-02-05 17:43:16.320423+00,2023-02-05 17:43:16.320466+00,f,Chevrolet,Spark,1859007,2881013,,12,133,f,1
3304090,2023-02-05 18:14:55.177534+00,2023-02-05 18:14:55.177578+00,f,Chevrolet,Gentra,1180194,2881128,,12,120,f,1
3304277,2023-02-05 18:50:50.227494+00,2023-02-05 18:50:50.227523+00,f,ВАЗ (Lada),2111,1858503,2881266,,80,494,f,1
3305077,2023-02-06 03:06:40.897099+00,2023-02-06 03:06:40.897138+00,f,Chevrolet,Lacetti,1859579,2881811,13901532,12,119,f,1
4018344,2023-04-03 13:39:06.155948+00,2023-04-03 13:39:06.156017+00,f,Chevrolet,Captiva,1623052,2881453,19008334,12,108,f,1
3304539,2023-02-05 20:07:17.2395+00,2023-02-05 20:07:17.239526+00,f,Chevrolet,Captiva,1319656,2881453,,12,108,f,7
3305266,2023-02-06 03:34:57.332574+00,2023-02-14 02:11:09.312177+00,t,Chevrolet,Gentra,28385,2881952,,12,120,f,1
3304407,2023-02-05 19:22:55.922862+00,2023-02-05 19:22:55.922911+00,f,Chevrolet,Cobalt,1057470,2881350,,12,111,f,1
3304912,2023-02-06 02:30:27.46415+00,2023-02-06 02:30:27.464196+00,f,Chevrolet,Damas,1859256,2881706,13901362,12,114,f,1
3304139,2023-02-05 18:25:04.634361+00,2023-02-05 18:25:04.634391+00,f,Chevrolet,Spark,1859134,2881169,,12,133,f,1
3304739,2023-02-06 00:23:35.429274+00,2023-02-10 09:37:49.196547+00,t,Daewoo,Damas,1385118,2881597,,16,154,f,1
3304856,2023-02-06 02:05:22.722196+00,2023-02-06 02:05:22.722238+00,f,Daewoo,Damas,370847,2881597,,16,154,f,1
3304317,2023-02-05 19:01:34.113927+00,2023-02-05 19:01:34.113961+00,f,Chevrolet,Cobalt,1859198,2881294,13900341,12,111,f,1
3304070,2023-02-05 18:11:44.186497+00,2023-03-08 07:00:56.881187+00,t,MAN,самосвал,19665,2881114,,111,,f,4
3304776,2023-02-06 01:06:12.854294+00,2023-02-06 01:06:12.854336+00,f,Chevrolet,Cobalt,1214404,2881621,13901155,12,111,f,1
3767584,2023-03-13 11:13:13.580773+00,2023-03-13 11:13:13.580825+00,f,Chevrolet,Cobalt,2039623,2881123,,12,111,f,1
3304082,2023-02-05 18:14:00.809193+00,2023-02-05 18:14:00.809239+00,f,Chevrolet,Cobalt,724780,2881123,,12,111,f,4
3304431,2023-02-05 19:29:13.592357+00,2023-02-05 19:29:13.5924+00,f,Chevrolet,Lacetti,503517,2881371,13900627,12,119,f,1
3986108,2023-03-31 23:44:28.722489+00,2023-03-31 23:44:28.722521+00,f,Chevrolet,Gentra,1512703,2881894,18816387,12,120,f,2
3305193,2023-02-06 03:24:47.976127+00,2023-03-26 09:56:42.200933+00,t,Chevrolet,Gentra,1026429,2881894,,12,120,f,4
3865743,2023-03-22 12:15:21.844736+00,2023-03-22 12:15:21.844801+00,f,Chevrolet,Gentra,206880,2881894,,12,120,f,1
3634754,2023-03-01 17:29:51.298015+00,2023-03-17 14:13:29.83182+00,t,Chevrolet,Gentra,62749,2881894,,12,120,f,1
3366699,2023-02-08 07:52:46.925432+00,2023-03-04 11:18:22.219161+00,t,Chevrolet,Gentra,9515,2881894,,12,120,f,15
3879486,2023-03-23 15:53:24.625977+00,2023-03-23 15:59:05.938158+00,t,Chevrolet,Cobalt,439419,2881100,,12,111,f,1
3304051,2023-02-05 18:07:06.720911+00,2023-02-05 18:07:06.720974+00,f,Chevrolet,Cobalt,1698862,2881100,,12,111,f,1
3304639,2023-02-05 21:10:17.414315+00,2023-02-05 21:10:17.414342+00,f,BYD,Song Pro EV,1859349,2881511,13900957,5,67,f,1
3304019,2023-02-05 18:02:02.22232+00,2023-03-29 19:25:34.698624+00,t,Chevrolet,Gentra,37303,2881077,,12,120,f,1
3304303,2023-02-05 18:57:36.563441+00,2023-02-05 18:57:36.563493+00,f,Chevrolet,Matiz,1259824,2881286,,12,125,f,1
3812977,2023-03-17 09:23:51.436294+00,2023-03-17 09:23:51.436341+00,f,Chevrolet,Cobalt,1364132,3243268,17159844,12,111,f,1
3304943,2023-02-06 02:37:46.995364+00,2023-02-06 02:37:46.995418+00,f,Chevrolet,Gentra,1859528,2881724,,12,120,f,1
3304713,2023-02-05 23:10:49.427868+00,2023-02-05 23:10:49.4279+00,f,Chevrolet,Matiz,473913,2881571,13901090,12,125,f,2
3304569,2023-02-05 20:24:17.390405+00,2023-02-05 20:24:17.390435+00,f,Chevrolet,Spark,1859315,2881467,,12,133,f,1
3305225,2023-02-06 03:30:08.206528+00,2023-02-06 03:30:08.206696+00,f,Chevrolet,Tracker,197330,2881922,,12,137,f,2
3304807,2023-02-06 01:40:13.263058+00,2023-02-06 01:40:13.263086+00,f,Chevrolet,Nexia 2,1859452,2881640,13901200,12,128,f,1
3305254,2023-02-06 03:33:08.557892+00,2023-02-06 03:33:08.557943+00,f,Chevrolet,Damas,1859655,2881942,,12,114,f,1
3304999,2023-02-06 02:50:05.981243+00,2023-02-06 02:50:05.981287+00,f,Chevrolet,Spark,1843375,2881762,,12,133,f,1
3614778,2023-02-28 06:16:45.171443+00,2023-03-20 14:44:30.755175+00,t,Chevrolet,Spark,1342850,2881281,,12,133,f,5
3304297,2023-02-05 18:55:30.844527+00,2023-02-17 16:35:39.128661+00,t,Chevrolet,Spark,1342850,2881281,,12,133,f,4
3304030,2023-02-05 18:03:34.184435+00,2023-02-05 18:03:34.184477+00,f,ВАЗ (Lada),2106,1859081,2881088,,80,485,f,1
3304843,2023-02-06 02:00:44.040225+00,2023-02-06 02:00:44.040267+00,f,Chevrolet,Cobalt,1859471,2881659,,12,111,f,1
3304335,2023-02-05 19:04:02.766191+00,2023-02-05 19:04:02.766222+00,f,Chevrolet,Damas,1859221,2881305,,12,114,f,1
4029092,2023-04-04 10:38:24.182399+00,2023-04-04 10:38:24.182461+00,f,Chevrolet,Nexia,2154534,2881251,19113886,12,127,f,1
3304258,2023-02-05 18:47:11.210939+00,2023-02-05 18:47:11.210975+00,f,Chevrolet,Nexia,1859182,2881251,,12,127,f,2
3303955,2023-02-05 17:49:59.036923+00,2023-02-05 17:49:59.036956+00,f,ВАЗ (Lada),2106,1857968,2881038,13899936,80,485,f,1
3305283,2023-02-06 03:38:03.555612+00,2023-02-06 03:38:03.555656+00,f,Chevrolet,Damas,1815178,2881976,,12,114,f,1
3305252,2023-02-06 03:32:38.948896+00,2023-02-06 03:32:38.948954+00,f,КамАЗ,NEO5490 024 4X2,953517,2881941,,124,,f,2
3305090,2023-02-06 03:08:27.95719+00,2023-02-06 03:08:27.957251+00,f,Chevrolet,Lacetti,1859575,2881819,,12,119,f,1
3570570,2023-02-24 10:02:12.712852+00,2023-02-24 10:02:12.712896+00,f,Chevrolet,Spark,144899,2881049,,12,133,f,2
3305067,2023-02-06 03:05:07.977025+00,2023-02-08 01:39:11.496757+00,t,Daewoo,Tico,1662282,2881805,,16,173,f,1
3316174,2023-02-06 19:06:00.113423+00,2023-02-06 19:06:00.113523+00,f,Chevrolet,Cobalt,1864936,2881165,,12,111,f,1
3304134,2023-02-05 18:24:40.850717+00,2023-02-05 18:24:40.850774+00,f,Chevrolet,Cobalt,1487930,2881165,,12,111,f,1
3304408,2023-02-05 19:22:59.692616+00,2023-02-05 19:22:59.692645+00,f,Chevrolet,Gentra,588498,2881351,,12,120,f,1
3508742,2023-02-19 08:33:18.992178+00,2023-02-19 08:33:18.99222+00,f,Chevrolet,Nexia 2,958076,2881221,,12,128,f,1
3304720,2023-02-05 23:22:37.474574+00,2023-02-09 07:07:36.002812+00,t,Chevrolet,Nexia 2,1859401,2881578,13901099,12,128,f,1
3304192,2023-02-05 18:34:11.484153+00,2023-02-05 18:34:11.484193+00,f,Chevrolet,Cobalt,528316,2881211,13900149,12,111,f,1
1093738,2022-06-16 17:40:43.116895+00,2022-06-16 17:40:43.11692+00,t,Chevrolet,Damas,562475,1254860,2671642,12,114,f,12
3305214,2023-02-06 03:28:20.938459+00,2023-02-06 03:28:20.9385+00,f,Chevrolet,Nexia 2,1854855,2881912,13901716,12,128,f,1
3304522,2023-02-05 19:59:14.918837+00,2023-02-05 19:59:14.918886+00,f,Chevrolet,Cobalt,391498,2881434,13900724,12,111,f,1
3303912,2023-02-05 17:43:24.458744+00,2023-02-05 17:43:24.458781+00,f,Chevrolet,Spark,1859010,2881014,,12,133,f,1
3304535,2023-02-05 20:06:47.32752+00,2023-02-05 20:06:47.32755+00,f,Chevrolet,Matiz,593215,2881450,,12,125,f,1
3445821,2023-02-14 06:40:55.860875+00,2023-02-14 06:40:55.860919+00,f,Chevrolet,Nexia 2,1859143,2881202,14493567,12,128,f,1
3743896,2023-03-11 08:24:18.203915+00,2023-03-11 08:24:18.203969+00,f,Isuzu,P/M,623437,2881293,,35,,f,8
3304313,2023-02-05 19:00:25.965654+00,2023-02-05 19:00:25.965693+00,f,Isuzu,Isuzu,1859202,2881293,13900356,35,,f,1
3305265,2023-02-06 03:34:44.709361+00,2023-02-06 03:34:44.709407+00,f,Chevrolet,Labo,1857890,2881951,13901747,12,118,f,1
3304864,2023-02-06 02:10:23.476932+00,2023-02-06 02:10:23.476984+00,f,Chevrolet,Nexia 2,1859466,2881675,15921061,12,128,f,2
3795697,2023-03-15 18:32:12.791075+00,2023-03-15 18:32:12.79112+00,f,Chevrolet,Gentra,1123894,2881330,18802751,12,120,f,1
3304371,2023-02-05 19:11:14.132767+00,2023-02-05 19:11:14.132812+00,f,Chevrolet,Gentra,620314,2881330,,12,120,f,1
3305108,2023-02-06 03:11:38.962083+00,2023-02-06 03:11:38.962129+00,f,Daewoo,Matiz (Standart),524414,2881829,,16,163,f,1
3304149,2023-02-05 18:26:58.275877+00,2023-02-05 18:26:58.275918+00,f,Chevrolet,Lacetti,1450819,2881175,,12,119,f,1
3305063,2023-02-06 03:04:16.217561+00,2023-02-06 03:04:16.217612+00,f,Chevrolet,Tracker,1849725,2881802,,12,137,f,1
3686086,2023-03-06 08:52:16.672931+00,2023-03-06 08:52:16.672984+00,f,Shacman,shacman sx528gyyhr434,1275929,2881612,,115,,f,2
3304764,2023-02-06 00:53:21.623247+00,2023-02-06 00:53:21.623284+00,f,Shacman,shakman,1833190,2881612,13901139,115,,f,1
3303971,2023-02-05 17:52:59.831535+00,2023-02-05 17:52:59.831572+00,f,ВАЗ (Lada),Priora,1856508,2881050,,80,496,f,1
3304868,2023-02-06 02:11:56.171771+00,2023-02-06 02:11:56.171808+00,f,Daewoo,Nexia 2,386452,2881678,,16,128,f,1
3304435,2023-02-05 19:29:45.096556+00,2023-02-05 19:29:45.096595+00,f,Chevrolet,Matiz,516534,2881374,14185959,12,125,f,1
3304491,2023-02-05 19:47:44.654783+00,2023-02-05 19:47:44.654811+00,f,Chevrolet,Matiz,1859283,2881411,13900693,12,125,f,1
3304451,2023-02-05 19:34:38.917654+00,2023-02-05 19:34:38.917682+00,f,Chevrolet,Spark,545162,2881380,,12,133,f,2
3304750,2023-02-06 00:37:48.938586+00,2023-02-06 00:37:48.938615+00,f,Chevrolet,Cobalt,1859427,2881605,,12,111,f,3
3305087,2023-02-06 03:07:48.653952+00,2023-02-11 12:42:17.616656+00,t,ВАЗ (Lada),2106,693834,2881817,,80,485,f,1
3304819,2023-02-06 01:46:54.476755+00,2023-02-06 01:46:54.47679+00,f,MAN,avtobus,1859458,2881645,,111,,f,1
3304266,2023-02-05 18:48:32.394863+00,2023-02-05 18:48:32.394895+00,f,Chevrolet,Cobalt,1858503,2881258,,12,111,f,2
3304913,2023-02-06 02:30:31.310191+00,2023-02-06 02:30:31.310245+00,f,Chevrolet,Cobalt,1859515,2881707,,12,111,f,3
3304388,2023-02-05 19:16:40.767362+00,2023-04-04 07:50:40.649995+00,t,Chevrolet,Nexia 2,1859239,2881341,,12,128,f,1
3725803,2023-03-09 16:38:15.76436+00,2023-03-09 16:38:15.764441+00,f,Chevrolet,Spark,1593782,2881161,,12,133,f,1
3304128,2023-02-05 18:23:32.104747+00,2023-02-05 18:26:34.54588+00,t,Chevrolet,Spark,1593782,2881161,,12,133,f,1
3304122,2023-02-05 18:22:20.127483+00,2023-02-05 18:22:20.127521+00,f,Chevrolet,Gentra,1859112,2881156,,12,120,f,3
3304446,2023-02-05 19:33:06.852991+00,2023-02-05 19:33:06.853026+00,f,Daewoo,Tico,1030326,2881377,,16,173,f,2
3304424,2023-02-05 19:28:04.767856+00,2023-02-05 19:28:04.767894+00,f,Chevrolet,Spark,1858130,2881367,13900621,12,133,f,4
3788487,2023-03-15 07:29:34.145254+00,2023-03-15 07:29:34.145311+00,f,Chevrolet,Orlando,2049029,2881893,,12,132,f,1
3305191,2023-02-06 03:24:45.244411+00,2023-02-06 03:24:45.244467+00,f,Chevrolet,Orlando,1608808,2881893,13901686,12,132,f,2
3304347,2023-02-05 19:06:26.357055+00,2023-02-05 19:06:26.357134+00,f,Chevrolet,Nexia 3,112668,2881313,,12,129,f,3
3979549,2023-03-31 10:07:48.035345+00,2023-03-31 10:07:48.035395+00,f,Chevrolet,Damas,1481963,2881299,18750017,12,114,f,1
3304784,2023-02-06 01:22:59.410077+00,2023-02-06 01:22:59.410115+00,f,Chevrolet,Matiz,194734,2881625,13901178,12,125,f,1
3304475,2023-02-05 19:43:20.759273+00,2023-02-05 19:43:20.759322+00,f,Xray,xray,1859274,2881382,,,,f,1
3304455,2023-02-05 19:35:48.425051+00,2023-02-05 19:35:48.42509+00,f,ВАЗ (Lada),XRAY,1262134,2881382,,80,511,f,2
3974418,2023-03-31 03:49:28.120177+00,2023-03-31 03:49:28.120211+00,f,Chevrolet,Cobalt,2130546,2881711,,12,111,f,1
3796319,2023-03-16 01:45:19.116842+00,2023-03-16 01:45:19.116915+00,f,Chevrolet,Cobalt,1588802,2881711,,12,111,f,2
3304922,2023-02-06 02:33:44.641335+00,2023-02-06 02:33:44.641381+00,f,Chevrolet,Cobalt,1063952,2881711,,12,111,f,1
3305060,2023-02-06 03:03:10.977682+00,2023-02-06 03:03:10.977749+00,f,Chevrolet,Cobalt,900617,2881799,13901524,12,111,f,1
3303932,2023-02-05 17:46:00.351841+00,2023-02-05 17:46:00.351906+00,f,ВАЗ (Lada),2106,1624452,2881025,,80,485,f,1
3304061,2023-02-05 18:09:55.720635+00,2023-02-05 18:09:55.720664+00,f,Daewoo,Tico,893168,2881107,,16,173,f,1
3304820,2023-02-06 01:47:09.986776+00,2023-02-06 01:47:09.986809+00,f,Chevrolet,Cobalt,1859456,2881646,,12,111,f,1
3437709,2023-02-13 12:20:53.032876+00,2023-03-23 10:33:14.279845+00,t,Chevrolet,Spark,336054,2881701,,12,133,f,1
3304905,2023-02-06 02:29:00.394749+00,2023-02-06 02:29:00.394807+00,f,Chevrolet,Spark,1859480,2881701,,12,133,f,1
3304617,2023-02-05 20:54:30.227516+00,2023-02-05 20:54:30.227543+00,f,Chevrolet,Spark,1859340,2881500,,12,133,f,1
3304202,2023-02-05 18:36:24.614535+00,2023-02-05 18:36:24.614587+00,f,Kia,Sorento,1853225,2881222,13913268,40,,f,1
3304106,2023-02-05 18:19:52.384043+00,2023-02-05 18:19:52.384093+00,f,Chevrolet,Matiz,66959,2881145,,12,125,f,2
3305034,2023-02-06 02:56:12.9238+00,2023-02-06 02:56:12.923845+00,f,Chevrolet,Cobalt,1859550,2881781,,12,111,f,1
3304586,2023-02-05 20:31:53.958404+00,2023-02-05 20:31:53.958431+00,f,Daewoo,Tico,1859050,2881481,14364007,16,173,f,1
3304125,2023-02-05 18:23:12.239823+00,2023-02-05 18:23:12.239853+00,f,Chevrolet,Cobalt,1859129,2881160,,12,111,f,2
3304017,2023-02-05 18:01:58.713761+00,2023-02-05 18:01:58.713802+00,f,Chevrolet,Labo,392093,2881076,13900010,12,118,f,3
3444226,2023-02-14 05:09:01.712853+00,2023-02-14 05:09:01.712906+00,f,Chevrolet,Spark,1901416,2881238,,12,133,f,1
3304232,2023-02-05 18:41:01.677997+00,2023-02-05 18:41:01.678052+00,f,Chevrolet,Spark,1859146,2881238,,12,133,f,1
3304354,2023-02-05 19:07:38.861109+00,2023-02-05 19:07:38.861137+00,f,Volkswagen,ID.4,313388,2881316,,75,465,f,1
3305140,2023-02-06 03:17:19.990991+00,2023-02-06 03:17:19.991039+00,f,Chevrolet,Lacetti,918236,2881856,,12,119,f,2
3328053,2023-02-07 06:12:44.168477+00,2023-02-07 06:12:44.168536+00,f,Chevrolet,Lacetti,1865667,2881223,,12,119,f,1
3304206,2023-02-05 18:36:49.695832+00,2023-02-05 18:36:49.695879+00,f,Chevrolet,Lacetti,1029103,2881223,,12,119,f,4
3304583,2023-02-05 20:30:17.991079+00,2023-02-05 20:30:17.991111+00,f,Chevrolet,Spark,60273,2881479,,12,133,f,1
3305263,2023-02-06 03:34:24.867386+00,2023-02-06 03:34:24.86744+00,f,Chevrolet,Cobalt,1858136,2881949,,12,111,f,1
3304052,2023-02-05 18:07:58.200731+00,2023-02-05 18:07:58.200773+00,f,ВАЗ (Lada),2104,1859095,2881101,,80,483,f,1
3304570,2023-02-05 20:24:38.718587+00,2023-02-05 20:24:38.718614+00,f,Chevrolet,Spark,660822,2881468,,12,133,f,1
3573330,2023-02-24 13:48:09.476398+00,2023-02-24 13:48:09.476457+00,f,Chevrolet,Nexia,1274621,2881356,15933145,12,127,f,1
3997870,2023-04-01 22:17:18.474288+00,2023-04-01 22:17:18.474324+00,f,Chevrolet,Nexia 2,230376,2881852,,12,128,f,1
3895476,2023-03-25 05:24:14.089185+00,2023-03-25 05:24:14.089228+00,f,Chevrolet,Nexia 2,351562,2881852,,12,128,f,2
3390780,2023-02-09 13:45:39.405101+00,2023-03-18 12:22:48.289292+00,f,Chevrolet,Nexia 2,1263973,2881852,14903428,12,128,f,1
3305135,2023-02-06 03:16:07.146225+00,2023-02-06 03:16:07.146268+00,f,Chevrolet,Nexia 2,1383243,2881852,,12,128,f,2
3708342,2023-03-08 07:52:31.719014+00,2023-03-08 07:52:31.719064+00,f,Chevrolet,Cobalt,2013613,2881403,,12,111,f,1
3708292,2023-03-08 07:48:07.287113+00,2023-03-08 07:48:07.287147+00,f,Chevrolet,Cobalt,1132087,2881403,,12,111,f,1
3304477,2023-02-05 19:43:29.99905+00,2023-02-05 19:43:29.999078+00,f,Chevrolet,Cobalt,1859278,2881403,,12,111,f,2
3304635,2023-02-05 21:07:13.936696+00,2023-02-05 21:07:13.936723+00,f,Chevrolet,Gentra,1859348,2881509,18771177,12,120,f,2
4013084,2023-04-03 07:23:00.108964+00,2023-04-03 07:23:00.108992+00,f,Chevrolet,Cobalt,1513034,2881348,18996393,12,111,f,1
3305038,2023-02-06 02:58:16.488566+00,2023-02-06 02:58:16.4886+00,f,Chevrolet,Cobalt,1859567,2881785,,12,111,f,2
3304574,2023-02-05 20:25:54.080304+00,2023-02-05 20:25:54.080332+00,f,Mercedes-Benz,300M,850644,2881471,,49,303,f,1
3305156,2023-02-06 03:19:38.695743+00,2023-02-06 03:19:38.695788+00,f,Chevrolet,Nexia 3,1591381,2881869,,12,129,f,1
3305048,2023-02-06 03:00:28.665874+00,2023-02-06 03:00:28.665928+00,f,lada,Самара (хэтчбек 2108),528275,2881792,,,487,f,2
3691326,2023-03-06 15:49:51.602366+00,2023-03-06 15:49:51.602444+00,f,ВАЗ (Lada),2111,941246,2881236,,80,494,f,1
3304229,2023-02-05 18:40:27.945961+00,2023-02-05 18:40:27.945999+00,f,ВАЗ (Lada),2101,980721,2881236,,80,480,f,1
3305286,2023-02-06 03:38:14.031936+00,2023-02-06 03:38:14.031979+00,f,Chevrolet,tracker 2,1227421,2881978,,12,,f,1
3305238,2023-02-06 03:31:25.245584+00,2023-02-14 03:01:46.972745+00,t,Hyundai,porter,1051454,2881932,,33,,f,1
3304903,2023-02-06 02:28:52.199851+00,2023-02-06 02:28:52.199905+00,f,Chevrolet,Lacetti,16572,2881699,,12,119,f,1
3304394,2023-02-05 19:18:18.120248+00,2023-02-05 19:18:18.120302+00,f,ВАЗ (Lada),2106,1036383,861884,,80,485,f,2
3759097,2023-03-12 16:04:24.442919+00,2023-03-12 16:04:24.442962+00,f,ВАЗ (Lada),2106,2013036,861884,,80,485,f,1
3346428,2023-02-07 11:47:56.705207+00,2023-02-07 11:47:56.705252+00,f,Chevrolet,Nexia 3,1068134,861884,,12,129,f,3
3352684,2023-02-07 14:59:36.251865+00,2023-02-07 14:59:36.251917+00,f,Chevrolet,Nexia 3,74241,2881255,,12,129,f,3
3304264,2023-02-05 18:47:57.092842+00,2023-02-05 18:47:57.092885+00,f,Daewoo,Nexia,1780346,2881255,,16,167,f,1
3587921,2023-02-25 21:19:18.859979+00,2023-02-25 21:19:18.86002+00,f,Daewoo,Damas,1413939,2881235,,16,154,f,1
3369537,2023-02-08 10:12:38.989235+00,2023-02-08 10:12:38.989281+00,f,Chevrolet,Damas,1183076,2881235,,12,114,f,1
3304228,2023-02-05 18:40:13.628097+00,2023-02-05 18:40:13.628134+00,f,Chevrolet,Damas,76185,2881235,,12,114,f,1
3306280,2023-02-06 06:24:41.261744+00,2023-02-06 06:24:41.261883+00,f,Chevrolet,Lacetti,1860791,2881962,,12,,f,1
3305272,2023-02-06 03:36:27.790748+00,2023-02-06 03:36:27.790789+00,f,Chevrolet,Lacetti,816513,2881962,,12,119,f,1
3305014,2023-02-06 02:52:34.370239+00,2023-02-06 02:52:34.370277+00,f,Chevrolet,Cobalt,1859560,2881768,,12,111,f,1
3303918,2023-02-05 17:43:46.195992+00,2023-02-05 17:43:46.196056+00,f,Chevrolet,Gentra,1274169,2881016,,12,120,f,1
3305057,2023-02-06 03:02:48.431761+00,2023-02-10 12:39:40.967735+00,t,Daewoo,Nexia,1662282,2881796,,16,167,f,2
3808152,2023-03-16 20:20:04.00957+00,2023-03-16 20:20:04.009607+00,f,Daewoo,Nexia,1236756,2881369,17134243,16,167,f,1
3371448,2023-02-08 12:05:24.603357+00,2023-02-08 12:05:24.603474+00,f,Daewoo,Nexia,922991,2881369,,16,167,f,1
3304430,2023-02-05 19:28:53.379473+00,2023-02-05 19:28:53.379529+00,f,Daewoo,Nexia,1859264,2881369,,16,167,f,1
3304732,2023-02-06 00:06:52.793298+00,2023-02-06 00:06:52.79332+00,f,Chevrolet,Lacetti,1040971,2881592,,12,119,f,2
3622615,2023-02-28 16:31:09.816066+00,2023-02-28 16:31:09.816154+00,f,Chevrolet,Lacetti,1950973,2881592,,12,119,f,2
3812979,2023-03-17 09:23:54.399993+00,2023-03-17 09:23:54.400046+00,f,isuzu,nqr,29452,3243270,,,,f,1
3305080,2023-02-06 03:06:55.054542+00,2023-02-06 03:06:55.054576+00,f,Chevrolet,Gentra,1501887,2881813,13901533,12,120,f,1
3304208,2023-02-05 18:37:28.676499+00,2023-02-05 18:37:28.67657+00,f,Chevrolet,Spark,1859140,2881225,,12,133,f,1
3305237,2023-02-06 03:31:24.18966+00,2023-02-06 03:31:24.189688+00,f,Isuzu,Isuzu,1251251,2881933,,35,,f,1
3500119,2023-02-18 11:54:34.73979+00,2023-02-18 11:54:34.739825+00,f,Chevrolet,Cobalt,1857730,2881892,,12,111,f,1
3305189,2023-02-06 03:24:15.651758+00,2023-02-06 03:24:15.651803+00,f,Chevrolet,Cobalt,1859631,2881892,,12,111,f,1
3304917,2023-02-06 02:31:53.698378+00,2023-02-06 02:31:53.698429+00,f,Ravon,R4,394834,2881709,,58,382,f,1
3304812,2023-02-06 01:43:14.322467+00,2023-02-06 01:43:14.3225+00,f,Chevrolet,Cobalt,1298086,2881643,,12,111,f,1
3304508,2023-02-05 19:54:35.512591+00,2023-02-05 19:54:35.512618+00,f,Daewoo,Nexia,1859291,2881427,,16,167,f,1
3304184,2023-02-05 18:33:09.975975+00,2023-02-12 14:53:22.421617+00,t,Chevrolet,Spark,1699961,2881203,,12,133,f,1
3304005,2023-02-05 17:59:39.847899+00,2023-02-05 17:59:39.847947+00,f,Chevrolet,Nexia 2,1859069,2881067,,12,128,f,1
3580562,2023-02-25 07:52:38.431699+00,2023-02-25 07:52:38.431758+00,f,Chevrolet,Gentra,104225,2881585,,12,120,f,1
3304724,2023-02-05 23:37:31.831623+00,2023-02-25 07:51:39.511867+00,t,Chevrolet,Gentra,104225,2881585,,12,120,f,2
3304278,2023-02-05 18:51:28.185411+00,2023-02-05 18:51:28.185453+00,f,Chevrolet,Matiz,1233589,2881268,,12,125,f,1
3304865,2023-02-06 02:10:29.490534+00,2023-02-06 02:10:29.490577+00,f,Iveco,Daily,472971,2881676,13901280,36,237,f,5
446274,2022-01-02 13:56:59.437115+00,2022-01-02 13:56:59.437135+00,f,Chevrolet,Equinox,306274,717474,4509846,12,116,f,3
3962627,2023-03-30 06:08:01.334031+00,2023-03-30 06:08:01.33416+00,f,Chevrolet,Tracker,2125058,2881297,18639628,12,137,f,7
3304320,2023-02-05 19:02:17.361126+00,2023-02-05 19:02:17.361161+00,f,Chevrolet,Tracker,373743,2881297,17882959,12,137,f,3
3825922,2023-03-18 12:48:40.625856+00,2023-03-18 12:48:40.625895+00,f,Chevrolet,Gentra,2065074,2881564,17307454,12,120,f,1
3304709,2023-02-05 22:55:29.740549+00,2023-02-05 22:55:29.740578+00,f,Chevrolet,Gentra,1859395,2881564,,12,120,f,1
3304346,2023-02-05 19:06:25.96442+00,2023-02-05 19:06:25.964483+00,f,Chevrolet,Damas,1481963,2881312,13900372,12,114,f,2
3304170,2023-02-05 18:31:26.124897+00,2023-02-05 18:31:26.124928+00,f,Chevrolet,Lacetti,1859132,2881194,,12,119,f,1
3304584,2023-02-05 20:30:23.248579+00,2023-02-05 20:30:23.248628+00,f,Daewoo,Tico,1859318,2881480,,16,173,f,2
3304101,2023-02-05 18:18:37.023158+00,2023-02-05 18:18:37.023235+00,f,Chevrolet,Labo,1859122,2881125,,12,118,f,1
3304084,2023-02-05 18:14:11.338315+00,2023-02-05 18:14:11.338357+00,f,Chevrolet,Labo,1522949,2881125,,12,118,f,3
3304967,2023-02-06 02:42:32.002421+00,2023-02-06 02:42:32.002464+00,f,Chevrolet,Lacetti,1859534,2881741,,12,119,f,1
3304593,2023-02-05 20:32:37.562678+00,2023-02-05 20:32:37.562732+00,f,Chevrolet,Nexia 3,1854723,2881483,,12,129,f,1
3304220,2023-02-05 18:39:39.805367+00,2023-02-05 18:39:39.8054+00,f,Daewoo,Nexia,819161,2881232,,16,167,f,1
3305011,2023-02-06 02:52:12.474493+00,2023-02-06 02:52:12.474552+00,f,Chevrolet,Nexia 3,1100965,2881766,13901489,12,129,f,2
3305197,2023-02-06 03:25:05.972323+00,2023-02-06 03:25:05.972378+00,f,Daewoo,Nexia II,1859618,2881898,,16,168,f,1
3304055,2023-02-05 18:08:22.215722+00,2023-02-05 18:08:22.215769+00,f,Chevrolet,Cobalt,1859097,2881102,,12,111,f,1
3483414,2023-02-17 06:57:29.952924+00,2023-02-17 06:57:29.952976+00,f,Daewoo,Nexia,1729960,2881635,19113929,16,167,f,1
3304802,2023-02-06 01:38:06.720688+00,2023-02-06 01:38:06.720722+00,f,Daewoo,Nexia,1859182,2881635,,16,167,f,1
3305107,2023-02-06 03:11:35.134363+00,2023-02-06 03:11:35.134416+00,f,Chevrolet,Damas,886576,2881828,,12,114,f,2
3304897,2023-02-06 02:26:58.823143+00,2023-02-06 02:26:58.823262+00,f,Chevrolet,Spark,1859509,2881695,,12,133,f,1
3304806,2023-02-06 01:40:06.097016+00,2023-02-06 01:40:06.097061+00,f,Chevrolet,Nexia 2,1859455,2881639,,12,128,f,1
3304662,2023-02-05 21:41:30.870919+00,2023-02-05 21:41:30.87095+00,f,Chevrolet,Spark,147744,2881527,,12,133,f,1
3304013,2023-02-05 18:01:33.65503+00,2023-02-05 18:01:33.655075+00,f,Chevrolet,Damas,1713505,2881072,,12,114,f,1
3304080,2023-02-05 18:13:48.445419+00,2023-02-05 18:13:48.445468+00,f,Chevrolet,Cobalt,514464,2881122,,12,111,f,1
3823461,2023-03-18 08:57:06.72906+00,2023-03-19 14:20:18.170071+00,t,Chevrolet,Nexia 3,115706,2881533,,12,129,f,1
3304671,2023-02-05 21:54:35.607883+00,2023-02-05 21:54:35.607911+00,f,Chevrolet,Nexia 3,1859370,2881533,,12,129,f,1
3402944,2023-02-10 14:42:35.81725+00,2023-02-10 14:42:35.817331+00,f,Chevrolet,Equinox,1885560,2881466,,12,116,f,1
3304568,2023-02-05 20:23:53.116663+00,2023-02-05 20:23:53.116692+00,f,Chevrolet,Equinox,1356261,2881466,13983179,12,116,f,1
3305015,2023-02-06 02:52:38.715698+00,2023-02-06 02:52:38.715768+00,f,Chevrolet,Matiz,1859311,2881769,,12,125,f,1
3304777,2023-02-06 01:07:29.446758+00,2023-02-06 01:07:29.446786+00,f,Chevrolet,Gentra,1859434,2881622,13901154,12,120,f,1
3303963,2023-02-05 17:51:24.270658+00,2023-03-29 13:28:51.805564+00,t,Chevrolet,Cobalt,1829802,2881047,,12,111,f,1
3470872,2023-02-16 06:32:49.406938+00,2023-02-21 02:16:51.312382+00,t,Chevrolet,Cobalt,1751807,2881047,,12,111,f,2
3304723,2023-02-05 23:33:00.671587+00,2023-02-05 23:33:00.671616+00,f,ВАЗ (Lada),2106,1859405,2881582,,80,485,f,1
3304037,2023-02-05 18:04:25.496344+00,2023-02-05 18:04:25.496382+00,f,Chevrolet,Damas,1859078,2881091,13900037,12,114,f,2
3304773,2023-02-06 01:03:29.180513+00,2023-04-04 08:26:32.192686+00,f,МАСКИВИЧ,412,1099580,2881620,13901153,,,f,8
3304899,2023-02-06 02:27:16.848093+00,2023-02-23 04:44:55.990785+00,t,Chevrolet,Damas,1846090,2881696,13901353,12,114,f,1
3304159,2023-02-05 18:29:11.025761+00,2023-02-05 18:29:11.025796+00,f,Chevrolet,Nexia,410981,2881183,,12,127,f,4
3367363,2023-02-08 08:25:42.956424+00,2023-02-10 22:37:24.21203+00,t,Daewoo,Nexia,1652978,2881759,,16,167,f,2
3368831,2023-02-08 09:38:13.185583+00,2023-02-10 03:31:24.027707+00,t,Chevrolet,Nexia 2,677177,2881759,,12,128,f,1
3304991,2023-02-06 02:47:54.102319+00,2023-02-06 02:47:54.102379+00,f,Daewoo,Nexia,1449643,2881759,,16,167,f,1
3304980,2023-02-06 02:45:20.799413+00,2023-02-06 02:45:20.799456+00,f,Chevrolet,Nexia 2,1859538,2881752,13901513,12,128,f,1
3304290,2023-02-05 18:54:16.199767+00,2023-02-05 18:54:16.199816+00,f,Daewoo,Matiz (Standart),913087,2881277,,16,163,f,1
3305019,2023-02-06 02:53:36.499119+00,2023-02-06 02:53:36.49916+00,f,Chevrolet,Damas,1859557,2881773,13901492,12,114,f,1
3305217,2023-02-06 03:28:56.305325+00,2023-02-06 03:28:56.305437+00,f,Chevrolet,Tracker,653872,2881917,,12,137,f,1
3304245,2023-02-05 18:45:22.76464+00,2023-02-05 18:45:22.764687+00,f,Chevrolet,Damas,1855515,2881247,,12,114,f,2
3305121,2023-02-06 03:14:11.892593+00,2023-02-06 03:14:11.89266+00,f,Daewoo,Damas,1382399,2881840,14442201,16,154,f,1
3304805,2023-02-06 01:39:06.681639+00,2023-02-06 01:39:06.681679+00,f,Chery,JETOUR X70,1094212,2881638,13901195,11,,f,4
3304949,2023-02-06 02:38:28.255669+00,2023-02-06 02:38:28.255735+00,f,Chevrolet,Damas,1859523,2881729,13901387,12,114,f,2
3305151,2023-02-06 03:19:13.302006+00,2023-02-06 15:48:01.776203+00,t,Chevrolet,Cobalt,1015323,2881865,,12,111,f,1
3304000,2023-02-05 17:57:54.695309+00,2023-02-05 17:57:54.695452+00,f,DAMAS,Damas,1859041,2881062,13899970,,114,f,1
3305269,2023-02-06 03:35:39.668655+00,2023-02-06 03:35:39.668703+00,f,Chevrolet,Damas,1321345,2881947,,12,154,f,1
3305260,2023-02-06 03:33:52.543079+00,2023-02-06 03:33:52.543122+00,f,Daewoo,Damas,1859653,2881947,,16,154,f,4
3304974,2023-02-06 02:43:57.098657+00,2023-02-06 02:43:57.098701+00,f,Chevrolet,Damas,1847808,2881746,13901469,12,114,f,1
3303931,2023-02-05 17:45:57.333582+00,2023-02-05 17:45:57.333648+00,f,Москвич,412,1859034,2881026,,87,553,f,1
3305264,2023-02-06 03:34:37.167879+00,2023-02-06 03:34:37.167926+00,f,Chevrolet,Matiz,178461,2881950,,12,125,f,1
3304721,2023-02-05 23:24:47.647469+00,2023-02-05 23:24:47.647506+00,f,Chevrolet,Damas,1165419,2881579,,12,114,f,1
3304904,2023-02-06 02:28:56.282636+00,2023-02-06 02:28:56.282679+00,f,Chevrolet,Spark,1322756,2881700,,12,133,f,1
3797994,2023-03-16 05:01:57.862668+00,2023-03-16 05:01:57.862741+00,f,Chevrolet,Spark,2053092,2881144,,12,133,f,1
3304107,2023-02-05 18:19:53.011731+00,2023-02-05 18:19:53.011777+00,f,Chevrolet,Spark,1590522,2881144,,12,133,f,1
3304056,2023-02-05 18:08:39.056663+00,2023-02-10 20:04:02.454281+00,t,Chevrolet,Lacetti,1103413,2881104,,12,119,f,1
3304325,2023-02-05 19:03:12.900357+00,2023-02-05 19:03:12.900409+00,f,ЗиЛ,zil,1030914,2881300,13900517,123,,f,1
3304473,2023-02-05 19:41:57.049594+00,2023-02-05 19:41:57.049646+00,f,Lexus,Espero,1859251,2881396,,44,155,f,1
3304877,2023-02-06 02:19:05.899781+00,2023-02-06 02:19:05.899815+00,f,Chevrolet,Nexia 2,1777712,2881684,,12,128,f,1
3635048,2023-03-01 18:13:02.500475+00,2023-03-01 18:13:02.500546+00,f,Chevrolet,Damas,232067,2881335,17051130,12,114,f,1
3304375,2023-02-05 19:12:30.567148+00,2023-02-05 19:12:30.567234+00,f,Chevrolet,Damas,530601,2881335,,12,114,f,1
3311205,2023-02-06 11:43:36.358254+00,2023-02-06 11:43:36.358304+00,f,Qóblt,Qóblt,1859310,2881465,13919602,,,f,1
3304566,2023-02-05 20:22:45.845811+00,2023-02-05 20:22:45.845856+00,f,Chevrolet,Cobalt,1854629,2881465,,12,111,f,3
3304945,2023-02-06 02:38:07.524122+00,2023-02-06 02:38:07.524178+00,f,Chevrolet,Nexia 3,367654,2881727,,12,129,f,1
3306457,2023-02-06 06:48:05.227973+00,2023-02-25 19:48:37.720258+00,t,Chevrolet,Gentra,469194,2881671,,12,120,f,1
3304862,2023-02-06 02:07:51.126655+00,2023-02-06 02:07:51.126686+00,f,Chevrolet,Lacetti,1859440,2881671,13901281,12,119,f,1
3305277,2023-02-06 03:37:07.688905+00,2023-02-06 03:37:07.688949+00,f,Chevrolet,Lacetti,1846060,2881968,,12,119,f,2
3304661,2023-02-05 21:40:42.252664+00,2023-02-05 21:40:42.252697+00,f,Chevrolet,Gentra,1859363,2881526,,12,120,f,2
3549301,2023-02-22 12:50:28.748897+00,2023-02-22 12:50:28.748945+00,f,Hyundai,E,1911881,2881370,,,,f,1
3304429,2023-02-05 19:28:48.349404+00,2023-02-05 19:28:48.349431+00,f,Hyundai,elantra,1859260,2881370,,33,,f,1
3461376,2023-02-15 09:49:23.369492+00,2023-02-15 09:49:23.369541+00,f,Chevrolet,Spark,1857539,2881608,,12,133,f,1
3304821,2023-02-06 01:48:13.670467+00,2023-02-06 01:48:13.670508+00,f,Chevrolet,Nexia 3,1268200,2881647,13901218,12,129,f,1
3304382,2023-02-05 19:14:02.72933+00,2023-02-05 19:14:02.729358+00,f,ГАЗ,A30,523157,2881340,,82,519,f,1
3305008,2023-02-06 02:51:58.059093+00,2023-02-16 22:36:35.233596+00,t,Daewoo,Nexia,219130,2881765,,16,167,f,1
3304870,2023-02-06 02:13:30.618248+00,2023-02-06 02:13:30.618293+00,f,Chevrolet,Gentra,1777712,2881681,,12,120,f,2
3304768,2023-02-06 00:56:27.777127+00,2023-02-06 00:56:27.777155+00,f,Chevrolet,Spark,1857539,2881616,,12,133,f,2
3304572,2023-02-05 20:25:49.871351+00,2023-02-05 20:25:49.871378+00,f,Chevrolet,Lacetti,250779,2881469,,12,119,f,2
3304552,2023-02-05 20:14:24.612745+00,2023-03-19 12:57:37.242729+00,f,Chevrolet,Malibu,1007069,2881458,,12,123,f,1
3304076,2023-02-05 18:12:56.66615+00,2023-02-26 15:56:20.707854+00,t,Chevrolet,Nexia 3,569242,2881117,,12,129,f,1
3304081,2023-02-05 18:13:59.347953+00,2023-02-05 18:13:59.348004+00,f,Chevrolet,Nexia 3,1859101,2881117,,12,129,f,1
3304330,2023-02-05 19:03:37.627055+00,2023-02-05 19:03:37.6271+00,f,Volvo,Volvo,1859209,2881302,13900359,76,,f,1
756472,2022-03-25 08:11:49.563994+00,2022-10-13 18:03:32.355241+00,t,Chevrolet,Damas,308505,1016500,1261276,12,114,f,1
3304027,2023-02-05 18:03:06.358939+00,2023-02-05 18:03:06.358975+00,f,Chevrolet,Labo,1858381,2881084,,12,118,f,1
3304528,2023-02-05 20:04:41.514719+00,2023-02-05 20:04:41.514749+00,f,Chevrolet,Spark,1763920,2881444,14534849,12,133,f,2
3365209,2023-02-08 06:44:28.615922+00,2023-02-08 06:44:28.615964+00,f,Chevrolet,Spark,356235,2881444,,12,133,f,1
3305295,2023-02-06 03:39:17.529387+00,2023-02-06 03:39:17.529434+00,f,Chevrolet,Cobalt,1850504,2881989,,12,111,f,2
3304167,2023-02-05 18:30:35.048559+00,2023-02-05 18:30:35.048602+00,f,Chevrolet,Nexia 3,760111,2881193,,12,129,f,1
3561664,2023-02-23 14:25:27.499927+00,2023-02-23 14:25:27.499972+00,f,Chevrolet,Cobalt,212064,2881594,,12,111,f,1
2105720,2022-11-07 16:06:09.493568+00,2022-11-07 16:06:09.493596+00,f,Chevrolet,Lacetti,1252054,978129,7586580,12,119,f,1
712305,2022-03-12 18:47:07.120092+00,2022-03-12 18:47:07.120116+00,f,Chevrolet,Gentra,500680,978129,1136590,12,120,f,1
3875337,2023-03-23 09:57:46.048931+00,2023-03-23 09:57:46.048989+00,f,Chevrolet,Gentra,2080162,2881389,,12,120,f,1
3304464,2023-02-05 19:38:30.496557+00,2023-02-05 19:38:30.496604+00,f,Chevrolet,Gentra,1156372,2881389,13900648,12,120,f,2
3304518,2023-02-05 19:58:11.102713+00,2023-02-05 19:58:11.10277+00,f,Chevrolet,Malibu 2,1834495,2881431,13900721,12,124,f,1
3304844,2023-02-06 02:02:16.533773+00,2023-02-06 02:02:16.533837+00,f,Chevrolet,Damas,1675464,2881662,,12,114,f,1
3305155,2023-02-06 03:19:35.79807+00,2023-02-06 03:19:35.798165+00,f,Ford,TRANZIT,1859597,2881868,13901666,23,,f,2
3304380,2023-02-05 19:13:17.24915+00,2023-02-21 07:21:27.838318+00,t,Chevrolet,Gentra,1859229,2881338,13900480,12,120,f,1
3401926,2023-02-10 13:12:12.133462+00,2023-02-10 13:21:32.499341+00,t,Chevrolet,Gentra,1418,2881338,,12,120,f,1
3305153,2023-02-06 03:19:26.790507+00,2023-02-06 03:19:26.790592+00,f,Chevrolet,Damas,1859622,2881827,,12,114,f,2
3305104,2023-02-06 03:10:58.705766+00,2023-02-06 03:10:58.705844+00,f,Chevrolet,Damas,1774609,2881827,,12,114,f,4
3303960,2023-02-05 17:51:04.338102+00,2023-02-05 17:51:04.338142+00,f,Chevrolet,Gentra,1847135,2881044,,12,120,f,2
3304379,2023-02-05 19:13:13.755867+00,2023-02-05 19:13:13.755896+00,f,Chevrolet,Labo,20687,2881339,13900481,12,118,f,3
3304164,2023-02-05 18:30:02.838091+00,2023-02-05 18:30:02.838135+00,f,Chevrolet,damas,1859144,2881189,,12,,f,1
3304198,2023-02-05 18:35:33.589982+00,2023-02-05 18:35:33.590011+00,f,Chevrolet,Gentra,631735,2881218,,12,120,f,3
3304373,2023-02-05 19:11:39.938276+00,2023-02-05 19:11:39.938303+00,f,Chevrolet,Damas,963379,2881334,,12,114,f,9
3303947,2023-02-05 17:48:57.614897+00,2023-02-08 15:01:18.091791+00,t,Chevrolet,Damas,144515,2881034,,12,154,f,1
3304338,2023-02-05 19:04:41.014746+00,2023-02-05 19:04:41.014857+00,f,Chevrolet,Nexia 2,1859215,2881307,,12,128,f,1
3305224,2023-02-06 03:29:41.030063+00,2023-02-06 03:29:41.030138+00,f,Daewoo,Nexia 3,1852982,2881920,,16,129,f,1
3304670,2023-02-05 21:52:47.921976+00,2023-02-05 21:52:47.921996+00,f,Chevrolet,Matiz,1859367,2881532,,12,125,f,1
3304180,2023-02-05 18:32:15.39877+00,2023-02-05 18:32:15.398817+00,f,Chevrolet,Nexia 3,1859118,2881198,13900138,12,129,f,3
3304368,2023-02-05 19:10:06.539002+00,2023-03-28 07:31:39.588507+00,t,Chevrolet,Damas,1519594,2881327,,12,114,f,5
3304743,2023-02-06 00:27:56.731655+00,2023-02-06 00:27:56.731682+00,f,ВАЗ (Lada),Kalina,1859423,2881600,,80,497,f,1
3304028,2023-02-05 18:03:23.640103+00,2023-02-05 18:03:23.640155+00,f,Chevrolet,Damas,1858831,2881086,,12,114,f,1
3304088,2023-02-05 18:14:36.885559+00,2023-02-05 18:14:36.885605+00,f,Hyundai,Highlander,645911,2881126,13900042,33,436,f,1
3305083,2023-02-06 03:07:14.261262+00,2023-02-06 03:07:14.261312+00,f,Chevrolet,Damas,1801927,2881815,,12,114,f,1
3304938,2023-02-06 02:37:17.113478+00,2023-02-06 02:37:17.113534+00,f,Changan,changan,1743896,2881721,,9,,f,1
3304086,2023-02-05 18:14:30.881971+00,2023-02-05 18:14:30.882056+00,f,Isuzu,MIDIBUS SAZNP37,1490551,2881054,13900036,35,,f,5
3303981,2023-02-05 17:55:06.294881+00,2023-02-05 17:55:06.294932+00,f,Isuzu,MIDIBUS SAZNP37,1859053,2881054,13899985,35,,f,2
3305293,2023-02-06 03:39:15.573556+00,2023-03-01 06:09:25.733471+00,t,Chevrolet,Nexia 3,691395,2881988,13901775,12,129,f,1
132898,2021-09-04 13:40:39.355392+00,2021-09-04 13:40:39.355411+00,f,Chevrolet,Cobalt,79299,172413,146036,12,111,f,2
3304185,2023-02-05 18:33:10.814975+00,2023-03-21 16:34:28.573381+00,t,Chevrolet,Cobalt,379157,2881205,,12,111,f,2
3304906,2023-02-06 02:29:02.279392+00,2023-02-06 02:29:02.279474+00,f,Chevrolet,Damas,1856568,2881702,,12,114,f,1
3304832,2023-02-06 01:55:04.627375+00,2023-02-06 01:55:04.627403+00,f,Chevrolet,Cobalt,1859468,2881654,,12,111,f,2
3304893,2023-02-06 02:25:11.263525+00,2023-02-06 02:25:11.263587+00,f,Chevrolet,Nexia 3,1569848,2881693,13901299,12,129,f,1
3304259,2023-02-05 18:47:17.926507+00,2023-02-05 18:47:17.926565+00,f,Chevrolet,Spark,1851690,2881252,13900300,12,133,f,1
3304182,2023-02-05 18:32:41.299996+00,2023-02-05 18:32:41.300046+00,f,Chevrolet,coblit,961622,2881200,,12,,f,1
3305021,2023-02-06 02:53:50.320382+00,2023-02-06 02:53:50.320435+00,f,Chevrolet,Damas,1859562,2881774,,12,114,f,1
3812967,2023-03-17 09:22:45.208516+00,2023-03-17 09:22:45.208554+00,f,Chevrolet,Nexia 3,734117,3243260,,12,129,f,1
3304234,2023-02-05 18:41:44.628794+00,2023-02-05 18:41:44.628865+00,f,Chevrolet,Cobalt,649609,2881240,13900184,12,111,f,2
3304370,2023-02-05 19:10:46.35787+00,2023-02-05 19:10:46.357904+00,f,Kia,SC5022,118852,2881329,,40,251,f,1
